zone_id,station_id,distance
1,1,2946.4513981552864
1,2,11074.389294727096
1,3,4001.2545396156565
1,4,12964.902343846397
1,5,13926.21250722859
1,6,6478.004498781149
1,7,6593.40159337987
1,8,5624.823677251726
1,9,2516.739607545387
1,10,2120.7341631035456
1,11,6647.049756727866
1,12,9244.558878668724
1,13,2784.1036368331766
1,14,10390.328668105123
1,15,8118.51798782542
1,16,13067.458803251893
1,17,13948.584516449864
1,18,2738.4630857954703
1,19,1646.2151061884902
1,20,3829.5025991007565
1,21,7594.63378719382
1,22,11559.355433893794
1,23,11785.845775046753
1,24,10341.597195198985
1,25,5870.052987300218
1,26,3602.5407231173
1,27,4851.169173665769
1,28,9710.412775853001
1,29,2455.990115543529
1,30,2379.713002808165
2,1,3138.706994007716
2,2,7053.3273609018015
2,3,4593.808930041725
2,4,10309.960744446045
2,5,9580.576535513019
2,6,1880.696301375761
2,7,1522.0633606510692
2,8,374.35795659327107
2,9,3818.913944680159
2,10,6829.286070648611
2,11,2139.23984122258
2,12,5519.752009985444
2,13,3453.4431901753524
2,14,5990.7388465586255
2,15,3105.078657763836
2,16,10244.983216424707
2,17,10912.760468572367
2,18,8731.419461759886
2,19,4573.175754960336
2,20,7210.045438102893
2,21,5190.8281823684465
2,22,8135.837577417833
2,23,9330.340875029362
2,24,6811.774343989365
2,25,7255.646619884725
2,26,7257.828626131086
2,27,1169.7700413950593
2,28,7330.57862084294
2,29,8451.879084401302
2,30,3837.2433551716513
3,1,7315.990456693737
3,2,1929.702900342431
3,3,5658.013768417451
3,4,5321.5229110472965
3,5,4687.656434792513
3,6,3392.348017652606
3,7,3646.4358965678484
3,8,5294.487004446453
3,9,6799.659425734295
3,10,10886.783982022362
3,11,3129.6393791106443
3,12,650.9443255208414
3,13,7733.917983823332
3,14,1116.2099869386193
3,15,2178.367795474954
3,16,5199.854604258259
3,17,5792.266494963253
3,18,11628.294057974887
3,19,8494.006303990658
3,20,8136.2354423715
3,21,2444.0680066170867
3,22,3008.399724214363
3,23,4518.561675583401
3,24,1733.9008985127366
3,25,6551.608964055022
3,26,8363.356169692102
3,27,5527.8482129960885
3,28,3010.9553670656474
3,29,11402.87629237369
3,30,6969.756567659639
4,1,11786.947781223971
4,2,2660.434201258889
4,3,9496.479500082743
4,4,2397.969798591176
4,5,1649.05897323309
4,6,7960.213291975826
4,7,8212.556770365922
4,8,9862.651850375649
4,9,11052.017581143651
4,10,15208.43237986285
4,11,7696.097725789371
4,12,4337.337186821372
4,13,12208.022108138392
4,14,3775.76060731941
4,15,6647.9303568268915
4,16,2040.487428122502
4,17,1846.3513652164293
4,18,15474.924171581082
4,19,12861.7971599471
4,20,11401.409479408292
4,21,5843.016178997647
4,22,1878.2256848154334
4,23,2876.2481300104287
4,24,3108.8923447737884
4,25,9212.931146023251
4,26,11684.27913175815
4,27,10085.278911495781
4,28,4051.213147353496
4,29,15285.95898087037
4,30,11243.42544491516
5,1,8722.280847256125
5,2,4532.026250628997
5,3,5428.58761206866
5,4,3905.936518250325
5,5,6664.091496426915
5,6,6268.409636317591
5,7,6719.018167288164
5,8,8009.991903955673
5,9,7442.587608927826
5,10,11390.932094509486
5,11,6049.084922566143
5,12,3843.129727748518
5,13,9109.910543668644
5,14,5015.792157448645
5,15,6088.211834348212
5,16,4121.677909484129
5,17,5052.503767258123
5,18,10860.942225882613
5,19,9336.679665228845
5,20,6477.657704420365
5,21,2906.363857133784
5,22,3778.9020560327854
5,23,2765.8220373177587
5,24,3526.62414476451
5,25,4084.9011986136998
5,26,6783.129749445762
5,27,7786.7311850942315
5,28,1668.5205820053825
5,29,10723.01220139386
5,30,7656.547890548285
6,1,8515.959206830114
6,2,4620.176348446687
6,3,5202.903046125828
6,4,4133.9113473118805
6,5,6819.792784379822
6,6,6133.158384470399
6,7,6587.486005322886
6,8,7851.607542098138
6,9,7223.615392701498
6,10,11161.329660701713
6,11,5918.834251297886
6,12,3838.3213998561364
6,13,8901.43268969962
6,14,5052.926859941688
6,15,6009.710780704234
6,16,4344.594249890295
6,17,5275.728447887106
6,18,10624.725233646554
6,19,9115.759030623094
6,20,6243.741365394788
6,21,2780.7140878098908
6,22,3926.9892030774927
6,23,2987.121995927546
6,24,3601.734813367386
6,25,3855.658322574195
6,26,6548.930361208219
6,27,7611.92653627141
6,28,1756.3962486481382
6,29,10486.614759912105
6,30,7437.628188196685
7,1,5009.837840899792
7,2,9912.104984353982
7,3,2939.684272760485
7,4,10881.869158633872
7,5,12707.55287078313
7,6,6711.161154059253
7,7,7029.32749011434
7,8,6819.509836990962
7,9,3522.306970988939
7,10,5355.485952903297
7,11,6759.627039404795
7,12,8184.900160217269
7,13,5120.742136651764
7,14,9550.068647378794
7,15,8074.669878384382
7,16,11057.644074867121
7,17,11982.552680619403
7,18,3890.1659445057485
7,19,4412.942544559172
7,20,585.8038589354866
7,21,6207.2221519270115
7,22,9998.556819695465
7,23,9706.954432245386
7,24,8990.98951261027
7,25,3010.956435617616
7,26,297.35195103722003
7,27,6051.666449596524
7,28,7846.398770026946
7,29,3788.663838006715
7,30,3609.161276326438
8,1,2567.0757948454275
8,2,7136.171420652899
8,3,3944.509074124218
8,4,10214.133018533343
8,5,9764.815042797867
8,6,1821.1420888895543
8,7,1613.7721462109973
8,8,365.69660916122297
8,9,3126.388940591231
8,10,6305.111980892837
8,11,2086.6889033527877
8,12,5500.914154980266
8,13,2918.224148364979
8,14,6130.416541003999
8,15,3311.637719829509
8,16,10173.526302298022
8,17,10882.685052422707
8,18,8080.680919151644
8,19,3989.8161537033143
8,20,6523.830043953661
8,21,4916.834638912973
8,22,8128.468752198117
8,23,9189.911751872914
8,24,6794.406174857779
8,25,6657.67604142497
8,26,6566.491219780756
8,27,506.68788162648366
8,28,7135.265710155133
8,29,7803.407316602098
8,30,3151.5991797780202
9,1,2089.1092580148243
9,2,11206.385771962592
9,3,4784.6834312992405
9,4,13563.193386653566
9,5,14005.37528866795
9,6,6143.547654705348
9,7,6129.375557497471
9,8,4814.3523596473115
9,9,2771.8727814326658
9,10,1666.4368401420736
9,11,6362.897397523804
9,12,9402.530866938063
9,13,1720.9951598735252
9,14,10373.612171737574
9,15,7793.471740388172
9,16,13620.107650088235
9,17,14456.604568164063
9,18,4135.757119499105
9,19,871.2799940704183
9,20,5424.293114743035
9,21,8032.341932574073
9,22,11895.420590807504
9,23,12410.491430584309
9,24,10605.848798897918
9,25,7164.208775311578
9,26,5239.158371092423
9,27,4153.140501881919
9,28,10283.02180178068
9,29,3851.788057978309
9,30,2560.5273656107156
10,1,4958.758430232849
10,2,4269.179231393177
10,3,3691.837954962338
10,4,7201.570743023758
10,5,7045.9691779478
10,6,1264.2031089653292
10,7,1680.4911341246047
10,8,3179.369879768021
10,9,4494.939803900166
10,10,8537.765117651354
10,11,1015.0030766384469
10,12,2525.83503126134
10,13,5377.68090388743
10,14,3421.594888563618
10,15,1518.1178205333283
10,16,7158.958791224863
10,17,7876.044676261972
10,18,9457.589859160975
10,19,6140.077063447435
10,20,6415.141905999074
10,21,2158.477496039522
10,22,5140.330500120581
10,23,6194.433568554331
10,24,3806.4445066224152
10,25,5418.6353425426
10,26,6591.392013483553
10,27,3253.9535468904965
10,28,4189.977100059036
10,29,9217.360950059317
10,30,4653.2904385416205
11,1,12037.218706504022
11,2,5535.303456217229
11,3,8783.889794277497
11,4,2196.568310243074
11,5,6232.231133378734
11,6,9199.779291204028
11,7,9612.722372771867
11,8,11065.508910755887
11,9,10794.145570056558
11,10,14738.292543555945
11,11,8952.299753451998
11,12,5948.082796560059
11,13,12432.263817280069
11,14,6528.541055046279
11,15,8597.244753454803
11,16,2559.6272159912933
11,17,3173.432512361647
11,18,14048.432350682077
11,19,12690.565464549984
11,20,9597.468208623306
11,21,5930.217718984505
11,22,4153.777325363215
11,23,2155.610277703517
11,24,4936.011614698096
11,25,7153.794669008768
11,26,9907.634167561133
11,27,10947.712363981189
11,28,3753.6657239200204
11,29,13931.848863659847
11,30,11007.96058913079
12,1,2321.3822649842514
12,2,8538.789970928876
12,3,4975.8238789456145
12,4,11700.910196364048
12,5,11085.438273491636
12,6,3273.1106900851773
12,7,2982.963473903647
12,8,1336.9100393567194
12,9,3569.4835156709782
12,10,5688.879023358491
12,11,3539.878306680005
12,12,6957.586084723787
12,13,2489.1282021349148
12,14,7489.376102065873
12,15,4608.6626167020995
12,16,11654.030822903145
12,17,12349.347250370954
12,18,7972.761803417137
12,19,3665.472978688853
12,20,7262.623024362892
12,21,6404.972601267962
12,22,9583.561992496243
12,23,10683.741870789981
12,24,8252.51017314809
12,25,7793.35159147759
12,26,7246.0390465200135
12,27,1445.754264403149
12,28,8631.043524242286
12,29,7685.895179363869
12,30,3502.503327634124
13,1,1063.3782847003524
13,2,9129.66555653894
13,3,4333.100494868876
13,4,12000.133609550443
13,5,11807.932444755772
13,6,3823.9544023791727
13,7,3675.3589042409685
13,8,2147.670039609007
13,9,2560.94705987325
13,10,4408.420768841127
13,11,4079.3080462799703
13,12,7426.451194804498
13,13,1164.4138406597278
13,14,8162.682956971028
13,15,5376.831551537646
13,16,11992.79001354057
13,17,12749.14281803558
13,18,6649.758879913583
13,19,2338.2690706895696
13,20,6282.181195557269
13,21,6514.667970939472
13,22,10037.546949666697
13,23,10919.862906766373
13,24,8705.356373637404
13,25,7157.803135555294
13,26,6225.567096303745
13,27,1676.5297580767642
13,28,8807.001012594457
13,29,6362.511779068039
13,30,2440.190311002774
14,1,5124.333568391898
14,2,6898.393692614726
14,3,1536.127929817245
14,4,7949.339855303048
14,5,9670.070618169846
14,6,4671.349856955353
14,7,5098.8734772902035
14,8,5591.658074171512
14,9,3595.539601332616
14,10,7259.164384296804
14,11,4614.054844369355
14,12,5225.675752629319
14,13,5444.383260837761
14,14,6628.577134968529
14,15,5645.531661514834
14,16,8098.0391600297335
14,17,9012.87471792297
14,18,6745.810252652546
14,19,5385.572053329349
14,20,2628.3607666875046
14,21,3210.08204184031
14,22,6951.0638782705555
14,23,6765.201034081748
14,24,5955.505201819296
14,25,1427.0631778847876
14,26,2892.282038014945
14,27,5019.631004054562
14,28,4823.177431358428
14,29,6586.655714498388
14,30,3800.798955336713
15,1,4003.065136424
15,2,10089.731560725597
15,3,2825.644088529023
15,4,11448.5530464587
15,5,12930.660814515511
15,6,6304.6397572618425
15,7,6561.73620484816
15,8,6102.548954118232
15,9,2667.1476509314725
15,10,4219.8887181057335
15,11,6397.121688797447
15,12,8298.993439810874
15,13,4061.57006780388
15,14,9596.925689942038
15,15,7799.613798444609
15,16,11593.97995095668
15,17,12505.465945247612
15,18,3263.6614470119243
15,19,3265.11025164372
15,20,1686.3943750495318
15,21,6418.166388195655
15,22,10338.638049018027
15,23,10264.226459119376
15,24,9234.152737548417
15,25,3874.6874086567186
15,26,1463.260475995342
15,27,5309.446106384313
15,28,8292.337482743853
15,29,3091.3297137584022
15,30,2701.753592532494
16,1,6088.855740773955
16,2,6139.058217726896
16,3,2547.940513752064
16,4,6854.3415217292095
16,5,8822.846509307148
16,6,4909.51890034882
16,7,5369.041282080851
16,8,6154.477543719932
16,9,4631.629040979945
16,10,8398.21277254112
16,11,4792.371566938945
16,12,4607.911802632724
16,13,6435.569540422215
16,14,6035.102830878581
16,15,5565.654712927336
16,16,7018.941250960269
16,17,7941.258819684075
16,18,7837.2595720145355
16,19,6470.997014966662
16,20,3555.926751537248
16,21,2608.296327680673
16,22,6022.285561083017
16,23,5673.897305561035
16,24,5144.516802254175
16,25,1504.425417093249
16,26,3847.5018517467424
16,27,5687.074713563072
16,28,3816.5602217334217
16,29,7689.283328282122
16,30,4842.514211139958
17,1,5124.702998788312
17,2,5973.932326886827
17,3,1721.9922429931003
17,4,7282.936483117854
17,5,8770.206068840933
17,6,3933.239377494593
17,7,4383.336133076934
17,8,5102.745847751562
17,9,3748.849218854154
17,10,7698.574054986199
17,11,3840.2850579809333
17,12,4275.522621671944
17,13,5488.946915964215
17,14,5672.58840607652
17,15,4760.256197947863
17,16,7401.85048021557
17,17,8299.942647323653
17,18,7504.580861464097
17,19,5633.46723030838
17,20,3558.9459858084556
17,21,2271.7249323954725
17,22,6105.916737873092
17,23,6100.3754703355735
17,24,5053.976122170115
17,25,2172.2368197620813
17,26,3808.6047306946525
17,27,4632.542788705534
17,28,4065.9086816705676
17,29,7325.531379044975
17,30,3962.7472967443064
18,1,5856.823399005222
18,2,3785.9744832046727
18,3,3496.8762172289753
18,4,5973.936321272579
18,5,6637.27933128321
18,6,2811.3664308601324
18,7,3258.873856510044
18,8,4617.797171956489
18,9,4971.955325841325
18,10,9131.164855838275
18,11,2588.6923167771783
18,12,1994.6680174424412
18,13,6274.244252862831
18,14,3353.05259707475
18,15,2844.35820921209
18,16,5990.671930139502
18,17,6796.03902055783
18,18,9517.513729892227
18,19,6813.215546270023
18,20,5865.245611609751
18,21,554.1417364158854
18,22,4235.488703130275
18,23,4878.634287218864
18,24,2996.328064134923
18,25,4342.048975414304
18,26,6098.022138574339
18,27,4512.374025850982
18,28,2770.396804265063
18,29,9307.85717199579
18,30,5167.46260342012
19,1,12567.085196047534
19,2,3803.799587589848
19,3,9963.814791562923
19,4,1466.7148421837942
19,5,2964.9452554039367
19,6,8921.594882900496
19,7,9220.562609107668
19,8,10854.528280384058
19,9,11682.49240979774
19,10,15833.938831033174
19,11,8654.683142601969
19,12,5235.622596445483
19,13,12987.212495940426
19,14,4968.794571748526
19,15,7751.0975875429585
19,16,1145.7308399599654
19,17,437.9347329339614
19,18,15824.27341234929
19,19,13543.65295628363
19,20,11580.977223375114
19,21,6391.189369993135
19,22,2608.0411340963883
19,23,2456.651369724336
19,24,3941.6437658848813
19,25,9262.413805894203
19,26,11877.346162918635
19,27,10996.299294064493
19,28,4274.189542449705
19,29,15655.547897645736
19,30,11883.485510780638
20,1,11466.026054390315
20,2,3666.089964362653
20,3,8591.122493427529
20,4,375.80563698702036
20,5,4133.2371372808675
20,6,8121.98816509165
20,7,8481.393102383261
20,8,10054.57127366862
20,9,10434.150294001534
20,10,14543.619909771565
20,11,7858.940943010889
20,12,4537.818068550243
20,13,11880.150164284012
20,14,4767.617161884478
20,15,7213.399334354167
20,16,610.1072219219687
20,17,1522.5946180257613
20,18,14313.989312258853
20,19,12326.147591826732
20,20,9990.47498949358
20,21,5192.543833541224
20,22,2236.5119861778876
20,23,809.104818454868
20,24,3322.175597457146
20,25,7622.377061125135
20,26,10292.438652618903
20,27,10080.23279510424
20,28,2914.192132100217
20,29,14159.6881475435
20,30,10642.061829235668
21,1,12314.887528357614
21,2,3149.8517661642763
21,3,10041.150373772936
21,4,2630.800789221612
21,5,1571.2493283296506
21,6,8465.107777037168
21,7,8707.107372791585
21,8,10358.10146351959
21,9,11592.460948027334
21,10,15747.994473818819
21,11,8202.05022152552
21,12,4862.953696145337
21,13,12735.816059009134
21,14,4234.540082665216
21,15,7121.449960127986
21,16,2267.3649483728036
21,17,1838.605008425322
21,18,16018.4348739972
21,19,13398.312733291046
21,20,11935.2874809609
21,21,6387.669189044208
21,22,2422.493448356488
21,23,3274.334915287163
21,24,3646.9072549421403
21,25,9733.014955796885
21,26,12219.280365762239
21,27,10596.282202204433
21,28,4576.397364640714
21,29,15829.913842613181
21,30,11783.276707735764
22,1,4869.561809354983
22,2,8256.819387615324
22,3,1724.1373247598192
22,4,9252.993333114118
22,5,11039.707925444394
22,6,5496.468350402634
22,7,5873.888229857087
22,8,6012.035759248662
22,9,3252.299185490425
22,10,6313.021661241758
22,11,5495.664345031783
22,12,6555.150416561698
22,13,5107.7627192625405
22,14,7940.678180985877
22,15,6694.237963253343
22,16,9417.098491849603
22,17,10338.194408367222
22,18,5443.361599798202
22,19,4760.781081977952
22,20,1277.073643688424
22,21,4556.635105586853
22,22,8322.86944621999
22,23,8072.819581614712
22,24,7323.885546892185
22,25,1680.5880306406384
22,26,1524.6537403865525
22,27,5322.494892239784
22,28,6178.088398953635
22,29,5303.153590451149
22,30,3420.4840392468186
23,1,8212.752565848685
23,2,3585.6779993998903
23,3,5163.6822128732465
23,4,3813.0083733566316
23,5,5939.550814752094
23,6,5408.466622090642
23,7,5843.815892839742
23,8,7226.689634915752
23,9,7063.794865474041
23,10,11133.406941564568
23,11,5174.204402725727
23,12,2783.9411205969086
23,13,8615.862610800787
23,14,3979.8764808572932
23,15,5087.683489285753
23,16,3943.852172810201
23,17,4855.414795000866
23,18,10903.33328631372
23,19,8965.093140534325
23,20,6658.4873476749635
23,21,2072.9526327765016
23,22,3050.3600087869368
23,23,2629.71076738143
23,24,2554.5412586678885
23,25,4407.466774271561
23,26,6951.856803597158
23,27,7081.347740764085
23,28,779.7547134000789
23,29,10741.34344910187
23,30,7275.064066325695
24,1,5054.365025577007
24,2,5529.868284036753
24,3,1904.1729148205507
24,4,7069.315019867071
24,5,8349.70639284319
24,6,3468.755472750842
24,7,3926.979635726804
24,8,4760.178597552898
24,9,3792.8677990632063
24,10,7850.788091208621
24,11,3358.588748239441
24,12,3795.635319948171
24,13,5438.128552569507
24,14,5177.056325622274
24,15,4230.518044318015
24,16,7164.794262677285
24,17,8045.931144716563
24,18,7851.030082501058
24,19,5694.621212166378
24,20,4040.7194051473866
24,21,1829.1016981169125
24,22,5747.936551574417
24,23,5895.737487885946
24,24,4641.335208574901
24,25,2696.0096763622037
24,26,4278.137624617443
24,27,4352.053829403838
24,28,3807.1046008108965
24,29,7659.9036197350615
24,30,4005.7804316013476
25,1,2958.333769138278
25,2,11675.618360096607
25,3,4798.891058052352
25,4,13748.03360983584
25,5,14512.464815420813
25,6,6841.3689890617015
25,7,6893.708767815214
25,8,5731.335270677174
25,9,3051.9293897902608
25,10,1190.529139039576
25,11,7036.371498550473
25,12,9849.656176512744
25,13,2674.2471965250184
25,14,10925.299798014772
25,15,8499.476117435323
25,16,13835.135438986983
25,17,14702.198851657631
25,18,2959.130591498541
25,19,1523.9241491642374
25,20,4802.901777809779
25,21,8302.245355864592
25,22,12244.123788467621
25,23,12575.483375050222
25,24,10994.41466005936
25,25,6821.402888817039
25,26,4572.544827714216
25,27,5007.437398056171
25,28,10476.603515595874
25,29,2674.9570406888192
25,30,2871.407574932159
26,1,8696.696601197824
26,2,850.5321559494184
26,3,7045.107264160413
26,4,4694.7379530964445
26,5,3295.577036543622
26,6,4700.334502745206
26,7,4892.418259879755
26,8,6538.650789230326
26,9,8218.886150921728
26,10,12296.362924799701
26,11,4446.853693081277
26,12,1614.9554187345377
26,13,9112.100385104715
26,14,368.0061569960178
26,15,3261.505047126305
26,16,4490.380461392935
26,17,4902.162376137525
26,18,13035.155176488948
26,19,9899.749649261537
26,20,9444.742221860912
26,21,3637.680245080242
26,22,2269.883308976511
26,23,4171.468220651775
26,24,1510.1257429636842
26,25,7702.183207222085
26,26,9684.218274832465
26,27,6847.747663353512
26,28,3341.3154923615816
26,29,12812.457460508967
26,30,8387.871151528945
27,1,7126.256914001171
27,2,5075.178835670286
27,3,3749.8317753929177
27,4,5460.818766963329
27,5,7623.057048513892
27,6,5153.063576300068
27,7,5620.907543920939
27,8,6710.546619273421
27,9,5787.549381493219
27,10,9702.777480909173
27,11,4974.3847158101125
27,12,3789.4855593540206
27,13,7502.086721312536
27,14,5181.960598318211
27,15,5384.955213074711
27,16,5630.11147560332
27,17,6554.8726654775355
27,18,9231.81945090892
27,19,7672.5585720300505
27,20,4922.337277240111
27,21,2066.368485122605
27,22,4762.831060781003
27,23,4281.732982570504
27,24,4043.1081240048807
27,25,2659.3295240429416
27,26,5219.818978190791
27,27,6381.82282380142
27,28,2504.601509548069
27,29,9083.171111566655
27,30,6001.520767817725
28,1,1440.4244119997443
28,2,9104.767262617228
28,3,2514.8471044964067
28,4,11289.81821079135
28,5,11941.666856854632
28,6,4384.020857455113
28,7,4507.848596110462
28,8,3671.471456883982
28,9,491.02020681406
28,10,3669.3415807151314
28,11,4554.118620837227
28,12,7279.500242141623
28,13,1601.0152018802987
28,14,8361.827284216068
28,15,6025.684489547099
28,16,11356.49070474098
28,17,12205.474716949651
28,18,4748.943287485876
28,19,1428.6159282412273
28,20,3846.438107084577
28,21,5783.220256544832
28,22,9697.088928725878
28,23,10130.922486383268
28,24,8434.407554841679
28,25,5092.002281915048
28,26,3767.629008254593
28,27,2874.2720910667076
28,28,8008.9704698841015
28,29,4479.184558524717
28,30,300.4575805487068
29,1,9047.48257297936
29,2,882.1120378130178
29,3,6806.651883098516
29,4,3331.0227629839324
29,5,3396.7683262316777
29,6,5313.9723593496965
29,7,5613.563319747889
29,8,7246.014433952696
29,9,8303.858999621816
29,10,12458.483504814798
29,11,5047.131442463524
29,12,1630.2595989747851
29,13,9468.700049592866
29,14,1728.2933192310686
29,15,4194.321576450429
29,16,3189.648174337898
29,17,3783.2479608655804
29,18,12817.686804787832
29,19,10110.176067787606
29,20,8899.433998985887
29,21,3157.27825611515
29,22,1001.7881069245095
29,23,2664.577028856541
29,24,357.2661390301067
29,25,6893.929553378209
29,26,9166.524517602
29,27,7402.125681678783
29,28,1995.165594388829
29,29,12618.175792278558
29,30,8494.01147689859
30,1,12597.341378938252
30,2,5597.077598046938
30,3,9409.229688380437
30,4,1925.336218182097
30,5,5942.762830457551
30,6,9614.712330919483
30,7,10012.620257496583
30,8,11508.102694498253
30,9,11395.374422723726
30,10,15378.234915196916
30,11,9361.177467995594
30,12,6225.972626425521
30,13,12997.66633289124
30,14,6657.168100585551
30,15,8904.329653946485
30,16,2265.436047703834
30,17,2697.9706326211817
30,18,14751.004650747414
30,19,13295.816912782931
30,20,10306.5784446798
30,21,6415.466085998331
30,22,4175.641097231734
30,23,2286.993325953984
30,24,5119.9519498153495
30,25,7863.885103272205
30,26,10616.542189092726
30,27,11430.851551238773
30,28,4166.721161535466
30,29,14630.204849442965
30,30,11608.663338823062
31,1,8026.194535493369
31,2,1435.056015276661
31,3,5872.084984532619
31,4,4187.287365584229
31,5,4262.765729751701
31,6,4319.652858852555
31,7,4638.4799234591965
31,8,6257.202178673923
31,9,7303.412104843074
31,10,11453.24369383725
31,11,4052.775406201719
31,12,643.6550514266055
31,13,8447.407981927603
31,14,1496.2208931966086
31,15,3315.0549484374155
31,16,4094.298835834385
31,17,4756.936078727908
31,18,11893.142052875339
31,19,9097.549445503233
31,20,8091.477764758712
31,21,2270.572839446555
31,22,2003.5113261649487
31,23,3338.8657813101227
31,24,670.5106706469996
31,25,6226.36835674525
31,26,8346.578021695279
31,27,6390.264311153424
31,28,1928.8809723565582
31,29,11686.51762797904
31,30,7491.001101462513
32,1,10930.44588204901
32,2,4232.120566586404
32,3,7825.765077919507
32,4,1584.3965310672256
32,5,5288.2246621091035
32,6,7916.825755501094
32,7,8318.606385758498
32,8,9806.650672565722
32,9,9770.792628988287
32,10,13805.271469246833
32,11,7664.5467691176445
32,12,4596.643181667498
32,13,11334.465783402089
32,14,5189.811348607555
32,15,7255.245958722109
32,16,1895.3188964160977
32,17,2767.0160722708915
32,18,13357.008745021822
32,19,11672.924197855094
32,20,8964.83275382337
32,21,4719.109969216826
32,22,2898.3555246784003
32,23,904.9657532734985
32,24,3586.4200279165852
32,25,6551.263490095697
32,26,9271.612812100819
32,27,9731.024808870012
32,28,2465.4871242990375
32,29,13218.487211910788
32,30,9982.994495208972
33,1,5584.1131735750905
33,2,12876.677074371308
33,3,5597.243962839882
33,4,14170.137157933146
33,5,15721.340081775299
33,6,8803.573596031893
33,7,8988.724681749653
33,8,8192.326378561285
33,9,4849.454405848162
33,10,3477.3081741921674
33,11,8935.09054093521
33,12,11077.463153699378
33,13,5432.017541196178
33,14,12352.382896539797
33,15,10384.857607302483
33,16,14330.957369430966
33,17,15249.46934101773
33,18,592.8955143463028
33,19,4282.204365938065
33,20,3898.062777643724
33,21,9212.051832951216
33,22,13129.451940581355
33,23,12989.301345135185
33,24,12027.970110756598
33,25,6340.528001828226
33,26,3587.9067144094383
33,27,7401.4597875203535
33,28,11058.94603490845
33,29,638.541757848493
33,30,4776.790473705134
34,1,2057.4123742584093
34,2,10045.907054254516
34,3,5521.251774513398
34,4,13066.979014008079
34,5,12641.275362541124
34,6,4732.61950173156
34,7,4498.768304594185
34,8,2855.4599572109983
34,9,3663.7950573631406
34,10,4458.962074810249
34,11,4997.707017725084
34,12,8405.255095407927
34,13,1930.6066858479528
34,14,9024.586968388989
34,15,6163.333508795004
34,16,13043.246966304627
34,17,13773.350590629163
34,18,7123.4766470857385
34,19,2916.725773033995
34,20,7335.208613671812
34,21,7633.626545174621
34,22,11031.103835614213
34,23,12009.143876602748
34,24,9696.344573779512
34,25,8336.756608627542
34,26,7251.805252773754
34,27,2651.1857254560455
34,28,9912.756073581273
34,29,6837.058225706444
34,30,3515.1630856078477
35,1,3086.789004405696
35,2,7247.164907707199
35,3,4712.9665019742615
35,4,10513.554424565376
35,5,9761.484600130227
35,6,2084.990055423343
35,7,1724.0202060269062
35,8,412.5643321618587
35,9,3852.4431139523167
35,10,6746.4545018257195
35,11,2343.5334505500127
35,12,5721.359547123897
35,13,3384.225408041131
35,14,6179.370773298961
35,15,3290.197170702521
35,16,10447.863248009493
35,17,11113.791117157007
35,18,8713.27944489864
35,19,4520.494475487443
35,20,7298.426680995697
35,21,5390.847805840703
35,22,8336.067088460992
35,23,9534.630606330424
35,24,7012.880088007356
35,25,7399.913238154185
35,26,7338.356967540981
35,27,1197.5501728916117
35,28,7534.367051570346
35,29,8432.190645084396
35,30,3859.5166433734535
36,1,1898.193526996688
36,2,10947.374169603978
36,3,5412.478807212377
36,4,13686.364182403948
36,5,13649.320223551627
36,6,5662.779908899036
36,7,5527.078927081998
36,8,3980.8544095271877
36,9,3344.507578292181
36,10,2950.717250584796
36,11,5913.9389624907735
36,12,9215.188227627403
36,13,1515.4838070947867
36,14,10000.941405517382
36,15,7228.808996584921
36,16,13700.078480529519
36,17,14483.565158930685
36,18,5754.8981420361615
36,19,1883.0739791209548
36,20,6675.396055203071
36,21,8148.379522997973
36,22,11806.4419569175
36,23,12576.724055923822
36,24,10480.50703472498
36,25,8081.979973970925
36,26,6535.609058091324
36,27,3519.263277876221
36,28,10446.505679055843
36,29,5473.093752648702
36,30,3144.6823632858077
37,1,3100.0991925443254
37,2,10264.33338650069
37,3,3040.0652695798735
37,4,11960.411398274111
37,5,13120.503446978031
37,6,5998.750734443065
37,7,6187.094629626162
37,8,5479.523202679635
37,9,2061.2324095246872
37,10,3249.495209349369
37,11,6132.527516184212
37,12,8441.749275620536
37,13,3090.6648780548844
37,14,9657.841511921435
37,15,7586.909625856286
37,16,12077.626742070084
37,17,12970.777070344106
37,18,3112.051773262998
37,19,2193.374618904088
37,20,2751.987814161539
37,21,6690.050117770402
37,22,10657.497361269003
37,23,10777.378179894955
37,24,9479.167718430801
37,25,4741.769828261769
37,26,2551.887323745955
37,27,4680.309195272845
37,28,8730.926464757
37,29,2870.6098805691518
37,30,2014.6426006633003
38,1,10772.582621553314
38,2,4724.558595323423
38,3,7544.195667607403
38,4,2271.081574703308
38,5,5968.498758113342
38,6,7974.888196723606
38,7,8395.98324581289
38,8,9823.921822177217
38,9,9540.75532417086
38,10,13510.975002540672
38,11,7731.468779696753
38,12,4855.100973343986
38,13,11168.414695733816
38,14,5602.891390340595
38,15,7454.024475225284
38,16,2593.6809049909693
38,17,3445.045989238361
38,18,12921.736435528426
38,19,11439.369466064009
38,20,8495.130284555005
38,21,4677.868105571507
38,22,3464.495085870958
38,23,1550.907044871288
38,24,3975.813265859827
38,25,6060.7472866112585
38,26,8804.116350322247
38,27,9690.95348759101
38,28,2564.5959183497853
38,29,12794.153361615976
38,30,9754.371908042152
39,1,2043.1302321395765
39,2,11268.579568884594
39,3,5150.406844168387
39,4,13778.551193046602
39,5,14034.323941260094
39,6,6093.069090273534
39,7,6029.295168808282
39,8,4605.526377883783
39,9,3080.075206099755
39,10,1984.6587998115333
39,11,6327.085413040409
39,12,9487.61924425203
39,13,1627.1021759283394
39,14,10387.979077392458
39,15,7719.621106240001
39,16,13819.20326071399
39,17,14636.824832930548
39,18,4732.394798377588
39,19,1251.0728239205848
39,20,6007.245726562887
39,21,8229.292931743423
39,22,12026.182487140464
39,23,12639.96014318249
39,24,10719.157767429802
39,25,7647.191611990237
39,26,5834.682279624135
39,27,4015.4264785379364
39,28,10506.360257823184
39,29,4451.789984453086
39,30,2866.267274938236
40,1,4327.9985810056805
40,2,5759.383435490271
40,3,1525.745580703094
40,4,7644.310918195418
40,5,8611.43358585499
40,6,2877.6710448366007
40,7,3317.2368852131667
40,8,4022.3635280455755
40,9,3158.1903999529313
40,10,7283.511698603414
40,11,2809.0900421316796
40,12,3954.491076220483
40,13,4720.622721546958
40,14,5255.762698077129
40,15,3874.318144505341
40,16,7714.693222205929
40,17,8572.651927782797
40,18,7543.852246765997
40,19,5054.28478929931
40,20,4082.320288394979
40,21,2179.966035676471
40,22,6146.506161559892
40,23,6486.134946041994
40,24,4953.843927185192
40,25,3187.2497534794866
40,26,4279.03645815537
40,27,3588.820971648024
40,28,4363.606965851165
40,29,7333.704300347578
40,30,3366.9058508047037
41,1,4510.87165292833
41,2,10833.84565610444
41,3,3584.11281140262
41,4,12096.510817103268
41,5,13669.759712407154
41,6,7050.828651404667
41,7,7296.958136427046
41,8,6768.027704673847
41,9,3314.292676588872
41,10,4068.9874795943615
41,11,7148.984826779914
41,12,9049.704820012623
41,13,4510.662270354323
41,14,10355.2718270888
41,15,8558.306755066631
41,16,12253.019172564875
41,17,13169.967668035515
41,18,2593.3960490202794
41,19,3576.706331068236
41,20,1972.7923597646504
41,21,7151.6952652066075
41,22,11052.740431445527
41,23,10914.305376844792
41,24,9966.795402638338
41,25,4357.69056035237
41,26,1680.086620190498
41,27,5969.972666741516
41,28,8975.793410589482
41,29,2454.938509941746
41,30,3318.1756369895666
42,1,2620.599553306901
42,2,11440.463485922202
42,3,4669.371173014973
42,4,13589.453187228126
42,5,14269.785923445035
42,6,6547.349170757366
42,7,6586.103398539911
42,8,5394.40243814148
42,9,2833.2850003458334
42,10,1328.930152872332
42,11,6747.888581078561
42,12,9618.185951254774
42,13,2324.71646055541
42,14,10669.382095951825
42,15,8206.066150497845
42,16,13668.294209188278
42,17,14527.579935411237
42,18,3308.4013096989256
42,19,1191.06973769426
42,20,4882.040411220197
42,21,8114.109152448499
42,22,12040.220077707036
42,23,12421.480658893752
42,24,10779.03118770277
42,25,6811.022540229733
42,26,4667.596650998536
42,27,4679.60035265894
42,28,10312.496265683
42,29,3023.0356547362953
42,30,2642.319020167941
43,1,9118.300286334488
43,2,5462.791919044386
43,3,5670.13522300008
43,4,4366.000696054367
43,5,7478.071222538442
43,6,6996.295394836016
43,7,7456.593381055329
43,8,8655.448275240216
43,9,7739.5976941681565
43,10,11538.891078131344
43,11,6792.028863316587
43,12,4783.731819509806
43,13,9488.431379409589
43,14,5968.015986625612
43,15,6946.543440695309
43,16,4633.875075863999
43,17,5547.172459907607
43,18,10743.32149507713
43,19,9604.068877288068
43,20,6293.224253030662
43,21,3676.814679800214
43,22,4626.1247175737735
43,23,3327.9281321918884
43,24,4468.352283089538
43,25,3849.9846512313634
43,26,6603.304298718677
43,27,8364.819089723893
43,28,2609.632174261605
43,29,10628.169297253418
43,30,7952.743178824404
44,1,11111.164018259533
44,2,2384.144622860754
44,3,9547.875101485615
44,4,4801.860642841346
44,5,1244.0885952602139
44,6,7056.916374840551
44,7,7176.721742223921
44,8,8780.896146483095
44,9,10713.05058879794
44,10,14759.708636432513
44,11,6818.825343810706
44,12,4077.630165207013
44,13,11520.698319742536
44,14,2818.582521068709
44,15,5478.565591001555
44,16,4470.2591204878945
44,17,4380.370379735596
44,18,15545.201777525685
44,19,12357.368218320247
44,20,11883.755872732643
44,21,6054.284100072778
44,22,3037.4303614008118
44,23,4900.23765193342
44,24,3401.802940006991
44,25,10004.830304012956
44,26,12133.471221383808
44,27,9184.671533695724
44,28,5119.1468583541455
44,29,15323.197525891437
44,30,10877.671931883657
45,1,9646.252580375907
45,2,3453.4760639140904
45,3,6622.401458269703
45,4,2389.4443325691277
45,5,5187.813785529152
45,6,6623.707463206435
45,7,7031.807797487896
45,8,8505.595464168346
45,9,8523.289833022021
45,10,12594.835036903267
45,11,6373.808461550092
45,12,3426.603501982151
45,13,10052.91198284903
45,14,4233.2764275623085
45,15,6033.38815976672
45,16,2563.8011023517406
45,17,3492.992810746911
45,18,12299.809927211016
45,19,10423.877451392567
45,20,7982.883432523277
45,21,3415.58826979899
45,22,2385.891435314373
45,23,1209.8284469614557
45,24,2606.651907155952
45,25,5635.895527493049
45,26,8283.551269682926
45,27,8425.636935313982
45,28,1170.6645191234302
45,29,12146.581201912111
45,30,8734.152277694158
46,1,5715.335546523441
46,2,3531.600986335904
46,3,4021.205251497462
46,4,6371.574092005218
46,5,6354.1160350743385
46,6,2080.3365257996516
46,7,2469.6184325209165
46,8,4007.251563201345
46,9,5114.790821604653
46,10,9221.84167298434
46,11,1821.6263482541472
46,12,1736.8625911030183
46,13,6136.164269458668
46,14,2800.4683150435103
46,15,1778.5464318441889
46,16,6329.052273605568
46,17,7051.019999763594
46,18,9951.044108517788
46,19,6839.11991373043
46,20,6613.828774770648
46,21,1559.673950709112
46,22,4327.42709725612
46,23,5370.705142690853
46,24,2997.019347439768
46,25,5315.100316326263
46,26,6819.720306155981
46,27,4075.3854887605016
46,28,3394.5592054902218
46,29,9722.36064143327
46,30,5288.186728903258
47,1,3098.7460389032913
47,2,10476.181283483413
47,3,3269.962558140453
47,4,12199.722934616655
47,5,13332.483960344925
47,6,6146.333314036171
47,7,6320.595706752218
47,8,5557.487319149658
47,9,2179.111787772236
47,10,3013.5250921750458
47,11,6287.299864227863
47,12,8651.589882945997
47,13,3056.0171279809365
47,14,9856.485803780191
47,15,7747.243913012324
47,16,12315.340587120434
47,17,13207.183674648946
47,18,2942.995740766032
47,19,2092.729454319349
47,20,2952.996462112255
47,21,6915.040086223749
47,22,10883.530874055612
47,23,11017.005065537489
47,24,9698.989934357838
47,25,4980.23759047076
47,26,2740.363305732312
47,27,4760.50506157033
47,28,8966.961923320136
47,29,2692.6389883495744
47,30,2110.7845692219034
48,1,2042.7276126347804
48,2,10830.886118270564
48,3,4151.940553492917
48,4,13029.506622069826
48,5,13656.918240431336
48,6,5929.115269773168
48,7,5972.783616863752
48,8,4812.060100191755
48,9,2242.7684948316364
48,10,1922.1854043230626
48,11,6128.7028637016465
48,12,9010.643220374881
48,13,1785.6472890488137
48,14,10052.74547064967
48,15,7587.806509437531
48,16,13101.469910170177
48,17,13954.307204181408
48,18,3720.247105331727
48,19,611.8865411757198
48,20,4655.660573997761
48,21,7533.994881188316
48,22,11447.157962142248
48,23,11866.041001665157
48,24,10179.480801619484
48,25,6431.964805909153
48,26,4470.814158801768
48,27,4083.355461574098
48,28,9749.728203025388
48,29,3432.412200571971
48,30,2045.2503854445613
49,1,12758.205121003488
49,2,3682.274567145662
49,3,10358.031435270672
49,4,2360.463888924648
49,5,2172.4416594191603
49,6,8967.963686827678
49,7,9227.8930786027
49,8,10876.916962505453
49,9,11976.820891101554
49,10,16136.005604295204
49,11,8703.027515800477
49,12,5322.287607085852
49,13,13179.423044927993
49,14,4800.980514129607
49,15,7671.7683196144935
49,16,2011.8060683983294
49,17,1364.4911978093512
49,18,16296.52943320118
49,19,13805.495446919687
49,20,12139.279083089801
49,21,6722.919872529462
49,22,2769.7776082539795
49,23,3206.4400521200882
49,24,4065.273204476289
49,25,9879.688598282217
49,26,12429.22359788017
49,27,11085.769616126394
49,28,4770.608289134582
49,29,16116.058691187634
49,30,12171.715424377593
50,1,5870.954543435003
50,2,6347.406710647737
50,3,2308.1652227996115
50,4,7133.120919024978
50,5,9053.626668646642
50,6,4870.362933966578
50,7,5324.139942176798
50,8,6039.836014851676
50,9,4392.159492840807
50,10,8125.473957025443
50,11,4767.331078481139
50,12,4778.76959781642
50,13,6210.704564874192
50,14,6204.081517136703
50,15,5607.840482003831
50,16,7295.337317052183
50,17,8216.602090950895
50,18,7557.210750317409
50,19,6218.38718613266
50,20,3293.931940042614
50,21,2762.42874785098
50,22,6268.743329885261
50,23,5951.941317026924
50,24,5363.171882268509
50,25,1359.731702111184
50,26,3582.3700732348575
50,27,5544.973051404512
50,28,4077.3780463452877
50,29,7408.1870679962885
50,30,4601.755607950567
51,1,6240.840961766615
51,2,3946.273857322511
51,3,5846.065204220157
51,4,7626.050557455171
51,5,6215.34939936127
51,6,2265.958765321319
51,7,2200.8731013300094
51,8,3689.3817093692546
51,9,6252.375799896292
51,10,9984.01705314932
51,11,2117.1520248939555
51,12,2939.527563889833
51,13,6624.7581660287215
51,14,2789.2111181740433
51,15,714.9829464816256
51,16,7478.851897736023
51,17,7994.627504372509
51,18,11344.622821060328
51,19,7603.5295501863475
51,20,8610.348221150427
51,21,3918.507349460029
51,22,5246.441154885944
51,23,6859.138207602964
51,24,4050.6395457084723
51,25,7619.61049561932
51,26,8772.225525183865
51,27,4200.625827706024
51,28,5259.242822368499
51,29,11087.524633424735
51,30,6368.30762301168
52,1,9142.468267665032
52,2,574.1039179269768
52,3,7413.450560144568
52,4,4379.996881204559
52,5,2850.0304400711047
52,6,5156.128332796988
52,7,5351.375671161078
52,8,6997.8798606326945
52,9,8638.021650983057
52,10,12728.645411811762
52,11,4901.610858704985
52,12,1940.4524596420658
52,13,9558.675741445992
52,14,826.9914467329467
52,15,3719.460738981305
52,16,4154.191509824502
52,17,4513.329768067567
52,18,13417.89591648541
52,19,10334.786775204137
52,20,9758.998353894733
52,21,3932.2486579360384
52,22,1980.8469927984008
52,23,3950.6817491361357
52,24,1506.681929669837
52,25,7946.074640744015
52,26,10005.066375717874
52,27,7303.509962913586
52,28,3364.790909862674
52,29,13198.732149500553
52,30,8809.81650902398
53,1,10987.380012669833
53,2,2438.0388942770155
53,3,9510.876890151645
53,4,5051.4985590997085
53,5,1520.2881447521013
53,6,6924.6617289316055
53,7,7028.38221680895
53,8,8619.864446389727
53,9,10627.768356369674
53,10,14652.84478239556
53,11,6691.205104588063
53,12,4061.4541980021054
53,13,11394.556961542681
53,14,2750.448783376926
53,15,5327.01509575858
53,16,4724.265075268249
53,17,4655.651375273633
53,18,15494.096561289327
53,19,12249.193180299377
53,20,11886.9615276937
53,21,6060.248113813901
53,22,3209.315154005605
53,23,5109.891737973843
53,24,3471.5572033088433
53,25,10049.433614151274
53,26,12132.22487896162
53,27,9042.263263131594
53,28,5231.061802118675
53,29,15268.78922642726
53,30,10788.87378898727
54,1,7361.344913815848
54,2,2519.090822504323
54,3,6313.705691874048
54,4,6282.197621094642
54,5,4806.883816238801
54,6,3292.2338790100225
54,7,3387.15445812355
54,8,4993.965069446127
54,9,7121.457896704083
54,10,11057.344806486153
54,11,3068.1999992509204
54,12,1918.179577515462
54,13,7764.534678789016
54,14,1352.2315852532934
54,15,1687.9974133484075
54,16,6110.52531512292
54,17,6580.967482246474
54,18,12125.259670214693
54,19,8654.628053987884
54,20,8951.94627934128
54,21,3540.3076634160916
54,22,3869.572493085234
54,23,5607.019462785487
54,24,2774.0760167586295
54,25,7583.938506324169
54,26,9153.564686349326
54,27,5400.233456472522
54,28,4263.698883795875
54,29,11883.135151717988
54,30,7266.292503527628
55,1,2980.2769714657193
55,2,12133.269366845707
55,3,5641.145000652878
55,4,14472.863120052105
55,5,14929.632952172715
55,6,7047.988429949754
55,7,7016.81761907536
55,8,5645.643091787264
55,9,3672.140174605817
55,10,928.275246033168
55,11,7271.70739269197
55,12,10330.145332267317
55,13,2589.1018178085646
55,14,11295.237903942558
55,15,8692.126088525914
55,16,14534.129652906882
55,17,15374.704863538194
55,18,3929.2118392192037
55,19,1786.8923007755336
55,20,5997.48142564279
55,21,8949.615246159035
55,22,12821.286503848045
55,23,13316.373465867042
55,24,11533.033025011942
55,25,7899.512569387728
55,26,5781.098379352188
55,27,5020.518552844967
55,28,11192.003337606806
55,29,3663.8342382231267
55,30,3463.7118559452524
56,1,7641.479287050291
56,2,2470.3214964561566
56,3,6632.684445689832
56,4,6286.131453355169
56,5,4604.580269219257
56,6,3572.8618964759635
56,7,3645.2017367251774
56,8,5232.30910139497
56,9,7427.888482725388
56,10,11346.854879658367
56,11,3355.397096785845
56,12,2112.747049103216
56,13,8042.135620243915
56,14,1311.5091989416887
56,15,1943.385533798424
56,16,6098.1869320211035
56,17,6527.739798693432
56,18,12439.195334124339
56,19,8945.414748902662
56,20,9268.635703508406
56,21,3821.955968369756
56,22,3861.6631327036525
56,23,5663.850010152083
56,24,2844.618525345541
56,25,7882.355742430085
56,26,9471.125748928049
56,27,5663.729768151315
56,28,4423.343958569868
56,29,12196.324781493475
56,30,7570.74021868649
57,1,6312.659045954843
57,2,6943.063473949853
57,3,2727.2698958362644
57,4,7390.686381371167
57,5,9584.375476641508
57,6,5610.895316818175
57,7,6060.488795052247
57,8,6705.832895599375
57,9,4765.295595485587
57,10,8259.064529117724
57,11,5515.322657150036
57,12,5446.497097822986
57,13,6625.68242372867
57,14,6873.684060850871
57,15,6367.977938732753
57,16,7583.54501220627
57,17,8513.221033617054
57,18,7390.355337627715
57,19,6509.539112783052
57,20,2978.2294711193763
57,21,3453.9894986131967
57,22,6748.5978122787465
57,23,6226.344938840753
57,24,5935.282058658736
57,25,678.1194535431435
57,26,3284.288620543758
57,27,6170.83016630866
57,28,4502.551115477515
57,29,7266.824752031307
57,30,4966.620446621281
58,1,4049.587077061674
58,2,9016.11405577658
58,3,1842.279733769463
58,4,10312.157775378553
58,5,11845.809434794513
58,6,5562.318818064672
58,7,5873.631548011422
58,8,5679.079811403866
58,9,2480.273945442049
58,10,5125.594124803671
58,11,5618.463229977409
58,12,7244.782816889462
58,13,4220.380161357681
58,14,8573.305601840348
58,15,6957.57889864985
58,16,10457.345881688225
58,17,11369.144899048795
58,18,4394.882707952276
58,19,3704.6589007146413
58,20,1249.0350807179946
58,21,5325.543440013496
58,22,9222.048626396536
58,23,9127.750315576159
58,24,8139.0950596351
58,25,2865.338948012402
58,26,1247.5722996627233
58,27,4920.746184955752
58,28,7158.980579410842
58,29,4227.299497808705
58,30,2600.707187050347
59,1,8451.40942946294
59,2,5668.938287479897
59,3,4959.473552441375
59,4,5019.210362564022
59,5,7888.517123744934
59,6,6566.578018625147
59,7,7033.012731847501
59,8,8140.6517717652805
59,9,7038.31608389762
59,10,10792.457821113861
59,11,6379.6356878997285
59,12,4747.353622838584
59,13,8813.028355779159
59,14,6033.095023793323
59,15,6682.719543924731
59,16,5264.933197654367
59,17,6189.674947347431
59,18,9980.854946830637
59,19,8888.59830311811
59,20,5534.007931237012
59,21,3352.321684172901
59,22,4998.0785255113915
59,23,3926.3822897044115
59,24,4640.720106072426
59,25,3092.3090039708304
59,26,5843.909914679497
59,27,7801.6854423747955
59,28,2816.210716833489
59,29,9864.587753860418
59,30,7250.4986459683705
60,1,4430.421408111573
60,2,12923.391792764101
60,3,5815.106158354981
60,4,14761.196508451669
60,5,15774.562932210389
60,6,8243.97476558132
60,7,8321.70395388819
60,8,7201.269363608794
60,9,4338.56835793591
60,10,1370.6411498764137
60,11,8427.261817092169
60,12,11093.519199995362
60,13,4148.456794686035
60,14,12229.903519439486
60,15,9896.98408199501
60,16,14874.198450958464
60,17,15762.918614651593
60,18,1803.9983485854307
60,19,2995.90740251849
60,20,5113.146476697138
60,21,9434.26997963503
60,22,13401.619783181246
60,23,13578.840114559
60,24,12189.464245563042
60,25,7399.1102452692285
60,26,4831.537407552649
60,27,6468.618492078973
60,28,11522.456413577642
60,29,1566.0936506429416
60,30,4183.97436422275
61,1,4000.9621719164197
61,2,12668.192579155104
61,3,5658.1674006894145
61,4,14622.388830129541
61,5,15512.539120149171
61,6,7889.360442005416
61,7,7946.194395035225
61,8,6774.759588932545
61,9,4049.1000640721154
61,10,904.7210012599866
61,11,8081.467115619043
61,12,10839.346354095389
61,13,3698.8207963157215
61,14,11941.96798392679
61,15,9546.724952896478
61,16,14723.715938811014
61,17,15602.989306143596
61,18,2289.7853168980896
61,19,2569.871922527706
61,20,5215.046113642734
61,21,9235.041386018318
61,22,13193.746658943162
61,23,13443.514935410522
61,24,11961.782676284174
61,25,7421.683530666383
61,26,4947.910485288192
61,27,6057.494740764884
61,28,11366.003477958722
61,29,2036.6785401168308
61,30,3880.128777382463
62,1,9240.412949298792
62,2,3403.0085778038
62,3,6216.789924012865
62,4,2776.524010735514
62,5,5345.597878128663
62,6,6260.364609149033
62,7,6675.015742930878
62,8,8130.48507652566
62,9,8114.417601685119
62,10,12187.689205807501
62,11,6013.408468229405
62,12,3171.5537289620443
62,13,9646.526454309836
62,14,4087.252726430586
62,15,5728.932896224744
62,16,2931.9689130333118
62,17,3856.0961598978065
62,18,11915.884325656154
62,19,10014.988500075991
62,20,7618.624118807489
62,21,3020.9519534490364
62,22,2480.184514275458
62,23,1591.8811691335725
62,24,2482.5247754876596
62,25,5294.229681198634
62,26,7917.441416564496
62,27,8036.636237522264
62,28,834.3952720329961
62,29,11759.894382565342
62,30,8325.267751066474
63,1,4655.1101682976905
63,2,4787.353846142263
63,3,4203.551624108503
63,4,8020.218063412472
63,5,7420.214476815608
63,6,586.0151216311242
63,7,781.3863652567692
63,8,2424.615251471017
63,9,4538.702604222406
63,10,8364.527468779668
63,11,395.69420867312465
63,12,3217.281910794425
63,13,5057.510555664543
63,14,3778.511549634815
63,15,1080.801942275964
63,16,7947.368583907953
63,17,8609.965317296404
63,18,9624.907448187623
63,19,5966.186991635134
63,20,6992.415759426352
63,21,3181.610892609478
63,22,5833.947992972006
63,23,7067.41143132837
63,24,4508.974043236393
63,25,6262.391621635219
63,26,7134.937464625252
63,27,2713.5177029543584
63,28,5132.839842926764
63,29,9369.02666133952
63,30,4661.090831489671
64,1,8246.08960046355
64,2,3036.7731396715794
64,3,5361.544766131436
64,4,3621.990876175572
64,5,5439.011319815666
64,6,5209.092053622833
64,7,5626.572063564958
64,8,7077.875002645565
64,9,7180.968024302412
64,10,11294.46230052757
64,11,4963.388111940049
64,12,2307.7125972755853
64,13,8656.292959986482
64,14,3447.8222339964545
64,15,4738.570629813485
64,16,3706.1921444751665
64,17,4589.866395144863
64,18,11206.043326597834
64,19,9074.19199470711
64,20,7034.785541713063
64,21,1988.2760694082674
64,22,2568.8047962418823
64,23,2466.0480464263364
64,24,2004.6996308431683
64,25,4850.194014800979
64,26,7321.833934606832
64,27,6992.423990932597
64,28,349.7457259013616
64,29,11034.173076224108
64,30,7389.1027648442405
65,1,8700.7356406549
65,2,3471.18274074666
65,3,5661.532001250652
65,4,3323.014597554415
65,5,5650.562834154995
65,6,5809.719087954678
65,7,6235.421375768239
65,8,7655.184503540493
65,9,7561.80688841602
65,10,11632.301510466754
65,11,5568.78442501108
65,12,2936.750229859089
65,13,9105.248850547032
65,14,4007.241323452619
65,15,5383.508433757148
65,16,3464.7793319010216
65,17,4382.647384216956
65,18,11378.605435376785
65,19,9462.849703193377
65,20,7105.127045471521
65,21,2515.7624166939763
65,22,2753.9837782008954
65,23,2138.361281074023
65,24,2475.8594485642484
65,25,4812.929689054029
65,26,7401.508742961831
65,27,7534.732080541048
65,28,621.2153388302106
65,29,11219.797218852667
65,30,7772.916623221871
66,1,12264.977874254637
66,2,3227.5994701250984
66,3,9860.253692818527
66,4,2096.985979623587
66,5,2086.579162886657
66,6,8491.043242387701
66,7,8757.912475394145
66,8,10405.296595670812
66,9,11477.838732263415
66,10,15637.043392418846
66,11,8225.58578050703
66,12,4835.430892056213
66,13,12686.187307227525
66,14,4363.468788078
66,15,7218.13679042923
66,16,1734.5947684823036
66,17,1312.5988291077376
66,18,15803.320345387945
66,19,13307.773862241831
66,20,11658.819625909924
66,21,6223.795870025339
66,22,2271.182790907359
66,23,2814.8733928072643
66,24,3572.0126992274822
66,25,9413.139070839972
66,26,11947.518176159709
66,27,10603.553795691269
66,28,4288.000974312185
66,29,15621.79956059455
66,30,11672.897821990406
67,1,5079.823307253344
67,2,7875.1138132095875
67,3,1712.6981398372914
67,4,8808.450511642428
67,5,10642.174754532996
67,6,5360.18109823442
67,7,5757.711322646015
67,8,6018.806829279736
67,9,3471.025806469306
67,10,6711.491401482021
67,11,5338.6015690830345
67,12,6198.071881041176
67,13,5343.719841295037
67,14,7596.014077722237
67,15,6476.442456839308
67,16,8974.542793479613
67,17,9896.5643580792
67,18,5890.15390816973
67,19,5075.401906326071
67,20,1653.8773317440168
67,21,4185.7965615731355
67,22,7906.144243020565
67,23,7628.937910485602
67,24,6929.162448883864
67,25,1321.1434238358813
67,26,1925.0707823901455
67,27,5363.296976998798
67,28,5746.698549620776
67,29,5750.269831593749
67,30,3652.9605490426043
68,1,4525.197813055307
68,2,4838.617208206441
68,3,3979.7583141161167
68,4,7993.737785517785
68,5,7509.311403532695
68,6,481.3948254580346
68,7,808.3828904552074
68,8,2403.7864060943893
68,9,4352.511076433419
68,10,8217.441901231223
68,11,228.8124140771753
68,12,3217.6819050621016
68,13,4932.1183253444215
68,14,3860.569471427877
68,15,1261.207817685555
68,16,7930.930546428704
68,17,8611.088647246599
68,18,9430.46246329925
68,19,5815.802987587008
68,20,6767.983108291391
68,21,3045.5645579745255
68,22,5843.305811787239
68,23,7020.513538850796
68,24,4512.522833561259
68,25,6045.963262967612
68,26,6911.402661034327
68,27,2627.4678035974753
68,28,5054.654525918316
68,29,9176.212692391924
68,30,4479.920412416484
69,1,12903.957397819371
69,2,5593.960190780178
69,3,9768.215647812767
69,4,1792.9398578862872
69,5,5709.478676827368
69,6,9823.642297660785
69,7,10210.375859619524
69,8,11732.33014766829
69,9,11733.836488825307
69,10,15744.306084920572
69,11,9566.616175108638
69,12,6357.738213013674
69,13,13307.811096619687
69,14,6689.111197607324
69,15,9042.735422545426
69,16,2095.6673251232114
69,17,2379.1325492576652
69,18,15171.726157935635
69,19,13635.751009298747
69,20,10735.041658822913
69,21,6682.646117470325
69,22,4164.389474768307
69,23,2401.4807150697916
69,24,5200.436614439319
69,25,8294.567607869807
69,26,11044.684252950754
69,27,11683.533689580738
69,28,4403.926191241198
69,29,15046.918275571257
69,30,11946.52073147363
70,1,8485.307974798603
70,2,2444.8860942397228
70,3,7524.378353063226
70,4,6275.109836989709
70,5,4022.83947180502
70,6,4426.105254365939
70,7,4460.347451379657
70,8,6001.089072369868
70,9,8315.93322898984
70,10,12205.719395888482
70,11,4219.552785113018
70,12,2719.862034534695
70,13,8880.748076901038
70,14,1490.4918893745887
70,15,2773.5203644728317
70,16,6044.057751554821
70,17,6351.9402520475
70,18,13335.479560361502
70,19,9807.69626161157
70,20,10142.81544516882
70,21,4594.89255103665
70,22,3871.89601592342
70,23,5809.6732937965
70,24,3113.4636874726552
70,25,8690.11402840695
70,26,10349.894531105763
70,27,6479.80104180996
70,28,4869.477394638767
70,29,13091.97579305034
70,30,8455.968316464312
71,1,2375.2805647665036
71,2,11541.941757097196
71,3,5732.557894979326
71,4,14197.378889410094
71,5,14265.041855290028
71,6,6282.46651298094
71,7,6165.238796790891
71,8,4640.5886294871125
71,9,3648.277204602524
71,10,2385.6421747165487
71,11,6529.364358866481
71,12,9791.607980924411
71,13,1960.3646017244102
71,14,10614.84702960162
71,15,7867.1442025945125
71,16,14222.362978454506
71,17,15020.149794022715
71,18,5347.321884415796
71,19,1928.7088468445522
71,20,6724.912101123021
71,21,8648.253362427193
71,22,12366.631274966048
71,23,13074.460703473607
71,24,11046.385357956113
71,25,8303.781075831403
71,26,6557.731997269646
71,27,4148.83140566699
71,28,10940.675260940874
71,29,5072.768230896291
71,30,3438.0077425531126
72,1,9643.104664039418
72,2,3934.18889436154
72,3,6503.526826999173
72,4,2671.3996370920236
72,5,5683.131970684671
72,6,6794.952452885237
72,7,7217.857637789698
72,8,8643.330480276209
72,9,8457.077545158016
72,10,12482.958131036854
72,11,6552.453470440899
72,12,3771.1295288561473
72,13,10043.596211196273
72,14,4668.412251937799
72,15,6314.6342465943135
72,16,2892.4843998499823
72,17,3822.215825335129
72,18,12066.862326783781
72,19,10359.05371676638
72,20,7703.792593119297
72,21,3500.652448037438
72,22,2891.1466801263396
72,23,1543.1175092862022
72,24,3051.939393652957
72,25,5319.006775444593
72,26,8008.081404917023
72,27,8517.583571966275
72,28,1423.382401395844
72,29,11922.80809445
72,30,8669.721009021141
73,1,11712.913837366868
73,2,5542.659163182848
73,3,8420.457669382926
73,4,2448.059715749217
73,5,6435.766059720181
73,6,8971.45075353137
73,7,9393.02019512522
73,8,10816.470454654711
73,9,10444.589947343036
73,10,14362.161451370066
73,11,8728.364396671264
73,12,5819.173532702554
73,13,12104.31771058312
73,14,6488.555299491805
73,15,8438.296136107092
73,16,2810.1956223756765
73,17,3497.0700680035093
73,18,13632.934167884845
73,19,12337.202874772995
73,20,9178.514840295942
73,21,5666.473533479304
73,22,4200.143532608427
73,23,2191.9593688478235
73,24,4874.39967024433
73,25,6734.921328871193
73,26,9488.74536482065
73,27,10673.271535631822
73,28,3556.6268046439295
73,29,13519.030889347488
73,30,10658.578521063499
74,1,4760.806092418255
74,2,4639.767244835501
74,3,4181.887424287789
74,4,7855.772821630789
74,5,7289.041916097983
74,6,698.9025826315565
74,7,941.8258034389418
74,8,2578.2972433895234
74,9,4594.3058324742615
74,10,8457.951104848185
74,11,466.4876484422488
74,12,3055.8906294506264
74,13,5166.281474908829
74,14,3643.238258031019
74,15,1020.7566433988575
74,16,7784.04334006354
74,17,8449.430828898498
74,18,9669.544970835128
74,19,6056.854702555916
74,20,6964.872299427189
74,21,3030.9028098886797
74,22,5674.820801368309
74,23,6901.705746384964
74,24,4348.486231093723
74,25,6179.814269003067
74,26,7113.764349235199
74,27,2843.4389920979797
74,28,4968.212649763777
74,29,9415.906859136267
74,30,4722.509325075811
75,1,3591.501575195864
75,2,12817.704994645504
75,3,6615.574925642516
75,4,15330.115183636686
75,5,15570.96206854298
75,6,7606.455511559459
75,7,7513.3528323037135
75,8,6015.550440537962
75,9,4580.890711326682
75,10,1603.8191029353723
75,11,7846.909098264658
75,12,11042.706647430437
75,13,3171.4575689137605
75,14,11921.767116902109
75,15,9212.77656103692
75,16,15374.287423116008
75,17,16194.853919432884
75,18,4777.4176774513635
75,19,2684.8109318737556
75,20,7101.961685097935
75,21,9783.288441486926
75,22,13585.778095276219
75,23,14187.409478873305
75,24,12277.677802290129
75,25,8967.692328549098
75,26,6886.900042764115
75,27,5492.914587687735
75,28,12054.966959494657
75,29,4534.087432047422
75,30,4367.387228141794
76,1,8793.686334383756
76,2,482.97530679541165
76,3,6960.641678055943
76,4,4272.438801235573
76,5,3230.6246998410693
76,6,4857.884243663285
76,7,5085.783417326969
76,8,6736.831521436084
76,9,8234.746869660918
76,10,12344.91916902426
76,11,4597.808668888881
76,12,1480.4128811782577
76,13,9212.026144072619
76,14,706.2955673482389
76,15,3509.1967358345137
76,16,4080.4638039650918
76,17,4534.280972617417
76,18,12972.849397830802
76,19,9957.957586838667
76,20,9280.034712010798
76,21,3451.220472986098
76,22,1845.9517250922027
76,23,3721.7931708875444
76,24,1082.2316611615329
76,25,7457.464877816337
76,26,9528.075717477666
76,27,6999.943828151652
76,28,2934.2832038916717
76,29,12756.634788275656
76,30,8410.627204527467
77,1,1728.4721566164203
77,2,7616.4126512836965
77,3,3302.9141660025653
77,4,10451.268522611985
77,5,10334.794974744273
77,6,2363.3527264238264
77,7,2312.5603499612334
77,8,1245.2942759696602
77,9,2210.4307152685465
77,10,5474.048572349837
77,11,2603.1390539271083
77,12,5889.740220318825
77,13,2118.377487306274
77,14,6684.416070015758
77,15,3990.298194168781
77,16,10442.322057023068
77,17,11199.24752750199
77,18,7147.809476091931
77,19,3112.9812334771523
77,20,5727.2692206644615
77,21,4984.256796128564
77,22,8493.552480225891
77,23,9376.101451776825
77,24,7163.055956531221
77,25,6108.758715743698
77,26,5746.230364334932
77,27,445.62281568552396
77,28,7269.467878450247
77,29,6871.333242140582
77,30,2223.254211801922
78,1,4842.4929718191315
78,2,10316.343346382504
78,3,3202.2691407522134
78,4,11388.418910301296
78,5,13128.840773736014
78,6,6885.4011431171675
78,7,7176.768851386257
78,8,6840.557471451496
78,9,3448.912166221693
78,10,4873.944997945366
78,11,6953.532040770558
78,12,8565.588294773135
78,13,4910.861377342265
78,14,9910.835830168975
78,15,8309.94355183724
78,16,11558.081183625558
78,17,12480.764609909951
78,18,3350.712447315938
78,19,4108.882378737706
78,20,1132.3821089236726
78,21,6613.261190207623
78,22,10450.413212574498
78,23,10210.66811582243
78,24,9413.777474922681
78,25,3552.4911173119826
78,26,833.2478890000441
78,27,6056.463263864387
78,28,8322.54664092656
78,29,3243.8025147668736
78,30,3504.830946251496
79,1,9245.830039153676
79,2,2697.590937554755
79,3,6414.466263229888
79,4,2585.247610343733
79,5,4675.515856734609
79,6,6019.22857485719
79,7,6408.464354011427
79,8,7930.3743337711885
79,9,8219.045282864523
79,10,12341.426435191921
79,11,5762.489175818015
79,12,2673.564860550963
79,13,9659.249782270816
79,14,3442.6847718599056
79,15,5319.278540213808
79,16,2655.134789841356
79,17,3537.076656626287
79,18,12245.106441427315
79,19,10107.75009216088
79,20,8032.240956176834
79,21,2971.3824034615122
79,22,1787.645595073633
79,23,1462.9386074534757
79,24,1817.6534502230186
79,25,5780.026649643473
79,26,8324.097049149439
79,27,7906.046101951641
79,28,704.3618000776671
79,29,12076.442215041567
79,30,8425.967880030685
80,1,4568.771614684139
80,2,9672.63319846608
80,3,2580.42911543661
80,4,10792.475508231959
80,5,12486.781244425694
80,6,6312.041636449457
80,7,6619.921419066775
80,8,6377.310219840318
80,9,3073.031536687334
80,10,5096.972440388467
80,11,6369.113166888211
80,12,7921.591176900391
80,13,4688.50361462459
80,14,9268.503819516507
80,15,7705.443277914742
80,16,10955.30994909103
80,17,11875.424487823862
80,18,3906.9968859109313
80,19,4016.038947269328
80,20,820.8945750904087
80,21,5970.031491979734
80,22,9816.497931240483
80,23,9612.044033952301
80,24,8772.311668842309
80,25,3053.1049730801124
80,26,650.891668242219
80,27,5606.871609869715
80,28,7701.537961041243
80,29,3774.706468878519
80,30,3161.638754911108
