zone_id,station_id,Dij
1,1,6.033099314497608
1,2,2.0461197450112714e-05
1,3,0.5586078196735188
1,4,1.1896622414562295e-06
1,5,4.277088652998207e-07
1,6,0.03152423038164957
1,7,0.017350777593539042
1,8,0.1137305390702474
1,9,7.4317391625154015
1,10,18.26469903724297
1,11,0.024445456953572104
1,12,0.0003212027776195686
1,13,7.579779103085297
1,14,3.749863391725999e-05
1,15,0.0026707977094809696
1,16,1.5572909618069903e-06
1,17,2.707432474031046e-07
1,18,3.6239779872251536
1,19,31.482691801953177
1,20,1.0990681339400905
1,21,0.005874915882958793
1,22,1.5064713110862978e-05
1,23,1.0713776848453896e-05
1,24,9.414610735538161e-05
1,25,0.07866115771859308
1,26,1.5398150496811538
1,27,0.36343637730576955
1,28,0.00024338838269052712
1,29,11.861753844646257
1,30,8.985129824231858
2,1,5.964873644216326
2,2,0.011299199097452677
2,3,0.2988920276595753
2,4,8.409605221817209e-05
2,5,0.0003849631032400378
2,6,31.657475052772995
2,7,34.54908600102209
2,8,100.3688835356922
2,9,1.452572341137417
2,10,0.024176504704192515
2,11,23.222354657650296
2,12,0.11348910698332391
2,13,3.7780414167752085
2,14,0.03659565752367399
2,15,6.260025107515097
2,16,0.00014164786613733756
2,17,3.394907315128178e-05
2,18,0.0005921457187714709
2,19,0.7170968944643868
2,20,0.008925557495017573
2,21,0.2840090668657307
2,22,0.003385244045835081
2,23,0.0005609899844773301
2,24,0.02482194814632203
2,25,0.012728906822334822
2,26,0.00830633802163498
2,27,63.534413660649264
2,28,0.011371694341587302
2,29,0.0021040276994336534
2,30,1.413471454834732
3,1,0.011190334747096606
3,2,20.424635422856063
3,3,0.05811433826429455
3,4,0.1471837895800409
3,5,0.581586226576244
3,6,3.976506214765886
3,7,1.8069636738625003
3,8,0.23399463808150184
3,9,0.01593291425512202
3,10,5.1910955557396545e-05
3,11,5.817636821131101
3,12,72.63456063892592
3,13,0.00596667506659228
3,14,38.083577645497634
3,15,21.28849322382518
3,16,0.26973077217909697
3,17,0.07252143463118221
3,18,7.289877750622727e-06
3,19,0.0019011017945451078
3,20,0.0021323026004206945
3,21,15.093446222971092
3,22,6.91955188523039
3,23,0.7491273949125228
3,24,35.91256616208101
3,25,0.03534338738396242
3,26,0.0015150279706143699
3,27,0.16478992106828003
3,28,6.8944115819461
3,29,2.387685848236369e-05
3,30,0.012335129304382129
4,1,1.1755482274119882e-05
4,2,6.493265811556065
4,3,0.00015819408658745957
4,4,9.259910204290694
4,5,30.1748826096619
4,6,0.003724828001250681
4,7,0.001668145372293306
4,8,0.00021272812004288685
4,9,2.3257855225391832e-05
4,10,6.826480600632384e-08
4,11,0.005542471655123753
4,12,0.5644444354757848
4,13,6.238148018523686e-06
4,14,0.8570241473016756
4,15,0.026828257963245478
4,16,20.280848024539534
4,17,18.378731953089595
4,18,1.959281088657458e-08
4,19,2.3323511132873283e-06
4,20,1.3747747428718753e-05
4,21,0.0900060340238082
4,22,24.131958135954477
4,23,7.105646240100537
4,24,5.147134875091993
4,25,0.0005655031667563528
4,26,8.9818893251832e-06
4,27,0.00015217094112859764
4,28,1.313127440115011
4,29,6.074784583743816e-08
4,30,1.7437285093861353e-05
5,1,0.0015156579681557451
5,2,0.5413393447537707
5,3,0.09223969437219524
5,4,1.3807253924381198
5,5,0.033542409352637914
5,6,0.06082786399333889
5,7,0.020219391965591294
5,8,0.004426850470258585
5,9,0.006806655273170139
5,10,2.732507548597918e-05
5,11,0.08459927964719599
5,12,1.5161554271533713
5,13,0.0008458151973643702
5,14,0.17157512811292464
5,15,0.0797646627878853
5,16,1.5228378829437146
5,17,0.24785815368601521
5,18,2.6000764171082886e-05
5,19,0.0006012785869204076
5,20,0.02907220237633432
5,21,8.988573535256219
5,22,2.5327958268633397
5,23,10.9457213934593
5,24,3.672676357838042
5,25,1.6085290425222432
5,26,0.018360089893568108
5,27,0.006194370672250064
5,28,43.29415777691092
5,29,7.465640579754345e-05
5,30,0.004932985667528576
6,1,0.0022528178083226877
6,2,0.5168343740032219
6,3,0.14111946418369817
6,4,1.0705588990756727
6,5,0.02891670631427562
6,6,0.0812346498876245
6,7,0.02685370209588427
6,8,0.0061219438106004725
6,9,0.01031145259424159
6,10,4.206322386127384e-05
6,11,0.1121304694198425
6,12,1.6639574701652071
6,13,0.0012612762489166442
6,14,0.1768083190660682
6,15,0.09780757145075912
6,16,1.1900411121112553
6,17,0.19311680804649176
6,18,4.0425007738012576e-05
6,19,0.000913571258567977
6,20,0.045040342393426976
6,21,11.682295403093775
6,22,2.216296575353569
6,23,8.735618893161952
6,24,3.583949419144046
6,25,2.4635139275721003
6,26,0.02845751916171798
6,27,0.00878053173366547
6,28,42.919577418188936
6,29,0.00011610447098094967
6,30,0.007472463795044793
7,1,0.36154749564038813
7,2,0.00014846521461534058
7,3,3.4103428022992337
7,4,3.450284252436006e-05
7,5,3.3781995282808745e-06
7,6,0.0280165742170126
7,7,0.011365001823760643
7,8,0.02380235731255264
7,9,2.18865594221881
7,10,0.21516121459643006
7,11,0.02604639913426429
7,12,0.0019970968223852305
7,13,0.3061059267554312
7,14,0.00016759324375734388
7,15,0.003600828357638816
7,16,4.045297509913918e-05
7,17,6.584533342625586e-06
7,18,0.8325005851280067
7,19,0.884097943578888
7,20,76.31098928644224
7,21,0.059792707115446195
7,22,0.00019911110698938688
7,23,0.0003087920418410907
7,24,0.0009069196838322294
7,25,6.947846058138964
7,26,89.29721105668429
7,27,0.07555372683031067
7,28,0.005076677345702912
7,29,2.2382394611591407
7,30,1.9244752166782002
8,1,19.045100111288985
8,2,0.014292469870735479
8,3,1.1335638334972502
8,4,0.00013918688447562682
8,5,0.00041803284214646117
8,6,48.537634932842906
8,7,44.604410759042736
8,8,144.28103724220048
8,9,5.785824268617832
8,10,0.07621834075068143
8,11,35.505579753238734
8,12,0.1672827430113078
8,13,11.704407440178668
8,14,0.042497645770297486
8,15,6.656323613520061
8,16,0.0002259985584784489
8,17,5.0895518283583104e-05
8,18,0.0022589111576284994
8,19,2.4533675245088418
8,20,0.0359121977717456
8,21,0.6139347812569133
8,22,0.0049045824641663184
8,23,0.0009929463621686176
8,24,0.03650739021323461
8,25,0.04484553407926259
8,26,0.033679579963674065
8,27,136.27591861547688
8,28,0.02186008820041143
8,29,0.007998941489942634
8,30,5.576696950382555
9,1,19.705755341647688
9,2,1.8915672016758444e-05
9,3,0.19433859294027053
9,4,5.452263370266627e-07
9,5,4.2812187229389186e-07
9,6,0.058774143169712516
9,7,0.03931745458048935
9,8,0.4323104609941178
9,9,5.707716007164872
9,10,30.46774118807461
9,11,0.042259607705360754
9,12,0.00028555780906219124
9,13,28.94618887040484
9,14,4.336052564415547e-05
9,15,0.004911421922587667
9,16,7.644541930755887e-07
9,17,1.4213649540853208e-07
9,18,0.513910270956573
9,19,53.32693084656493
9,20,0.1134932217050207
9,21,0.0034285185419175575
9,22,1.024440089957582e-05
9,23,4.719241753541805e-06
9,24,7.132805711741623e-05
9,25,0.012659222249312157
9,26,0.14988586521761355
9,27,1.1584707353511492
9,28,0.00011594108352546994
9,29,1.8079613996672081
9,30,7.638191918463688
10,1,0.48342970280624614
10,2,0.8910867677092887
10,3,1.3864822166666797
10,4,0.010861618077495791
10,5,0.020966572014001945
10,6,70.66214943515963
10,7,34.59758682398312
10,8,6.759224756318017
10,9,0.6354355854609233
10,10,0.0022214893592101166
10,11,85.69916959409537
10,12,11.469940068151882
10,13,0.25773004559205276
10,14,2.0732593259608203
10,15,56.03174311607724
10,16,0.017688627816619205
10,17,0.003936625452829111
10,18,0.00023854846796543183
10,19,0.08192017075176582
10,20,0.035463629629252445
10,21,27.240046451725547
10,22,0.3681140372728327
10,23,0.07548915863475202
10,24,2.7000159336791945
10,25,0.242349227872508
10,26,0.02720324381052989
10,27,6.068679859229351
10,28,1.5272906052044735
10,29,0.0007989353657830438
10,30,0.5011274366229873
11,1,5.133176629770369e-06
11,2,0.05957805119238522
11,3,0.00029416622527323475
11,4,7.652929538693633
11,5,0.03190349979303076
11,6,0.0003670586535856261
11,7,0.00012909129276336172
11,8,2.215275758610534e-05
11,9,2.181735574858403e-05
11,10,8.81358943189915e-08
11,11,0.0005326836431958422
11,12,0.032030734362426094
11,13,2.8327764417644737e-06
11,14,0.00875903742197806
11,15,0.0009088771960259603
11,16,6.893393528492313
11,17,2.000179058146759
11,18,1.066737702682065e-07
11,19,1.920456047647092e-06
11,20,0.00013208879582983434
11,21,0.050240108734232854
11,22,0.7178669724254501
11,23,11.32771033048929
11,24,0.2234881496505941
11,25,0.007975921069344203
11,26,8.28254079320502e-05
11,27,2.6449128264158396e-05
11,28,1.2951065106311435
11,29,2.9661161040321455e-07
11,30,1.581494133712037e-05
12,1,20.344946554888086
12,2,0.001334880979537619
12,3,0.1859673355438909
12,4,1.145263008568657e-05
12,5,4.41676697081843e-05
12,6,5.425949193210744
12,7,5.494363908934109
12,8,60.9992016384375
12,9,2.3236243713984095
12,10,0.14841696629940548
12,11,3.6764753263667704
12,12,0.014413475777359642
12,13,16.30633575332345
12,14,0.004239238853563602
12,15,0.7510414259965986
12,16,1.877206869216892e-05
12,17,4.316502828207744e-06
12,18,0.0020482697073042327
12,19,3.056423884821251
12,20,0.00910821821307883
12,21,0.05055709325696245
12,22,0.000423277265423515
12,23,8.083978055799819e-05
12,24,0.0031368922186804644
12,25,0.006259857562677535
12,26,0.009338365810230469
12,27,55.22206336821166
12,28,0.001774682234761721
12,29,0.007358465234974527
12,30,2.5657658582234157
13,1,87.91714718234229
13,2,0.0006339050080579424
13,3,0.5640548851394149
13,4,8.435058348348385e-06
13,5,1.720549520912449e-05
13,6,2.7943625781631294
13,7,2.2946313878574505
13,8,29.32499634665716
13,9,11.597913629552087
13,10,1.1708144952626387
13,11,1.9128089293855524
13,12,0.008224452520117253
13,13,81.42121345321354
13,14,0.0017782950263440832
13,15,0.27408765376159616
13,16,1.3027382838291773e-05
13,17,2.732674703855995e-06
13,18,0.017326305251995838
13,19,22.99616756628951
13,20,0.046007228661249726
13,21,0.0495278898828457
13,22,0.00024698299562543065
13,23,6.54707557543575e-05
13,24,0.0018335377395072006
13,25,0.018819997064625355
13,26,0.05009734481910245
13,27,50.62667564953326
13,28,0.0015734852220536857
13,29,0.06226674082253884
13,30,13.723587343539082
14,1,0.5213091763441585
14,2,0.02368018302270077
14,3,43.01304165040327
14,4,0.004870627734982278
14,5,0.0005584842215361297
14,6,1.029100796416093
14,7,0.35480188015999864
14,8,0.25824651388979253
14,9,3.3761697879163854
14,10,0.021017636097208494
14,11,1.1214473421984894
14,12,0.2932234204522142
14,13,0.32225371104668227
14,14,0.023267463884645564
14,15,0.2381514104727524
14,16,0.005948039561903007
14,17,0.0009829646619551155
14,18,0.01950467231921342
14,19,0.35204098557179486
14,20,13.996319488925046
14,21,9.049433545643218
14,22,0.03341337940541482
14,23,0.044194993118894306
14,24,0.1494149306842574
14,25,96.13423542378949
14,26,9.542655592985797
14,27,0.610103516434805
14,28,0.8194326348235296
14,29,0.05781489547532351
14,30,2.4858460785338825
15,1,1.4282925847121775
15,2,9.965566382440469e-05
15,3,3.5331375086517007
15,4,1.2896485762452259e-05
15,5,2.1175760227359542e-06
15,6,0.04528679670502359
15,7,0.02014082649316644
15,8,0.06137376137084854
15,9,6.656649895615736
15,10,1.0342698723330233
15,11,0.039405267327502394
15,12,0.0014750212044236032
15,13,1.3093062434629028
15,14,0.00013696056836380582
15,15,0.004776559785622994
15,16,1.582706282686284e-05
15,17,2.6287354386135017e-06
15,18,1.8554493610472809
15,19,4.228190870797794
15,20,24.32724852258421
15,21,0.038177335117366554
15,22,0.00010466557999571376
15,23,0.00011706688472773359
15,24,0.0005515904447751024
15,25,1.7280563368758879
15,26,31.363742909132558
15,27,0.20219124981120676
15,28,0.002275699515572342
15,29,5.431722173393595
15,30,6.337652001098214
16,1,0.08487104963189991
16,2,0.051528169218647814
16,3,7.260390572239087
16,4,0.01756509203304161
16,5,0.0013873105101078174
16,6,0.49968604364020097
16,7,0.1640811263791797
16,8,0.07689339012640324
16,9,0.49698352703437226
16,10,0.002628344515842187
16,11,0.595761301787006
16,12,0.5150001791151854
16,13,0.05037761838204952
16,14,0.03944899842618916
16,15,0.18642015656467273
16,16,0.02094319323565353
16,17,0.0034225055731252085
16,18,0.002620248722038706
16,19,0.04776279246179138
16,20,2.4860808708927356
16,21,14.928920404432867
16,22,0.09380977421450051
16,23,0.1584187832669468
16,24,0.35107817584518725
16,25,61.3847305387895
16,26,1.6093655523827761
16,27,0.15531048990049834
16,28,2.5644930503125862
16,29,0.007637997942583712
16,30,0.3620601952012259
17,1,0.4509132564651656
17,2,0.08235543143639543
17,3,29.076174177066854
17,4,0.01149019006590479
17,5,0.0018721306598408472
17,6,2.6871971959694902
17,7,0.899371211824214
17,8,0.46603595114724033
17,9,2.324851806736414
17,10,0.009390063893877046
17,11,3.0862372937350493
17,12,1.0571955667302868
17,13,0.26081987028991144
17,14,0.0848508011053925
17,15,0.7794078937769431
17,16,0.014675005282360775
17,17,0.002487120029226371
17,18,0.00538909000682442
17,19,0.2098797397053908
17,20,3.0854906216124665
17,21,29.60130846474846
17,22,0.10312747624845779
17,23,0.10399068775941694
17,24,0.5014613365192994
17,25,33.81071773364564
17,26,2.126425450113605
17,27,0.9440087193809144
17,28,2.2046674287337398
17,29,0.01646085412123286
17,30,1.6888435044861747
18,1,0.1298590151013187
18,2,1.9041727049122024
18,3,1.9258930027020593
18,4,0.07129667652801479
18,5,0.04014021036482181
18,6,12.079321704650441
18,7,4.169807101933568
18,8,0.8355257859030563
18,9,0.32169917003350684
18,10,0.0009414982679332833
18,11,16.56250983630812
18,12,25.473505877556303
18,13,0.06930783482871093
18,14,2.386718032568143
18,15,11.521784349411318
18,16,0.10617934387769774
18,17,0.02069617190166027
18,18,0.00022562667965660198
18,19,0.03080466980497728
18,20,0.0839613658007551
18,21,148.87683988917357
18,22,1.4813570336988409
18,23,0.5649057547396246
18,24,9.255462369393749
18,25,1.2630152740436844
18,26,0.05915575189019043
18,27,0.9785939406564214
18,28,12.807310360249954
18,29,0.0007216824479880081
18,30,0.2397868645626139
19,1,2.2182180572436007e-06
19,2,0.7620911357679028
19,3,4.779473771127294e-05
19,4,16.776690743517015
19,5,3.839557071635412
19,6,0.0005351031129478464
19,7,0.0002234014938569169
19,8,2.9188496295182243e-05
19,9,5.497212290985674e-06
19,10,1.6256109321321725e-08
19,11,0.0007995947382849379
19,12,0.08964741801832306
19,13,1.1787951765206215e-06
19,14,0.08769326212500511
19,15,0.0031143615122983153
19,16,27.205360040976473
19,17,33.98196811848924
19,18,7.069579549539474e-09
19,19,5.102554919451593e-07
19,20,6.404507591510216e-06
19,21,0.02409440751814629
19,22,6.208820873426046
19,23,7.54242573944002
19,24,0.9423133451979191
19,25,0.00032040847007593445
19,26,4.1001495859534784e-06
19,27,2.3580886557204187e-05
19,28,0.5758488066207478
19,29,2.1261822145637626e-08
19,30,4.062444606975545e-06
20,1,1.8805952316112944e-05
20,2,1.510433385572316
20,3,0.0006098018017564402
20,4,56.342453402975536
20,5,1.1478507790081427
20,6,0.002882098756799332
20,7,0.001098669882654439
20,8,0.0001572978994404921
20,9,5.816842250866604e-05
20,10,1.83229240347375e-07
20,11,0.004281640253694534
20,12,0.41281325358843407
20,13,1.0084462394876535e-05
20,14,0.19180992995341598
20,15,0.011309697082904725
20,16,57.35967181470155
20,17,25.679638780538294
20,18,1.1094957738837887e-07
20,19,5.154422004945799e-06
20,20,0.00011340761037384266
20,21,0.23596917249713337
20,22,15.979059131948976
20,23,52.835472744725344
20,24,3.7544432563617676
20,25,0.006112253587153279
20,26,7.199462109721725e-05
20,27,0.00015133952858504957
20,28,6.658230913639149
20,29,3.265169999839814e-07
20,30,4.254131395156127e-05
21,1,2.0694094422383875e-06
21,2,1.2669658033829077
21,3,2.7155786538858024e-05
21,4,2.6350760801468853
21,5,12.603304555357496
21,6,0.0006788660960980651
21,7,0.0003087916786177681
21,8,3.932464011344217e-05
21,9,4.017946791592317e-06
21,10,1.180884016870503e-08
21,11,0.0010085453114970862
21,12,0.10011266832453748
21,13,1.0983908743842839e-06
21,14,0.16835042612971793
21,15,0.005126733492869231
21,16,6.079359938471118
21,17,7.224284529371883
21,18,3.369198475740377e-09
21,19,4.053174619270347e-07
21,20,2.398593750298631e-06
21,21,0.015461050918751894
21,22,5.025706345435474
21,23,1.5867920125452244
21,24,0.9268398220252773
21,25,0.0001007341681007622
21,26,1.5644394943806783e-06
21,27,2.7479359928253562e-05
21,28,0.23430340433573776
21,29,1.0439277917522767e-08
21,30,3.015090318636275e-06
22,1,0.591351645806379
22,2,0.0023725366451275995
22,3,25.91870482041953
22,4,0.0005298906944539355
22,5,5.501548212771252e-05
22,6,0.23054928521744103
22,7,0.08558302682687875
22,8,0.10617897301742561
22,9,4.348041315180124
22,10,0.06751519454452913
22,11,0.23082813508306244
22,12,0.03070834555979399
22,13,0.41350446923167683
22,14,0.002499486041704097
22,15,0.03804658989739927
22,16,0.0006322782863143681
22,17,0.00010350833049281503
22,18,0.10708855297421557
22,19,0.6962365241898345
22,20,64.42512077141014
22,21,0.9456769280419193
22,22,0.003281069979531929
22,23,0.004780001892872819
22,24,0.01475237658913799
22,25,56.01110361876512
22,26,48.20478299786454
22,27,0.299462383845855
22,28,0.08271007220609315
22,29,0.30829552583793857
22,30,3.3888463382638467
23,1,0.00409535449800505
23,2,2.7896916170623944
23,3,0.17242873359862074
23,4,1.9903149631131076
23,5,0.12520120271516455
23,6,0.2781779091022061
23,7,0.0946841310493566
23,8,0.01805843561150801
23,9,0.015106852620449245
23,10,5.053184936139553e-05
23,11,0.39549374683881605
23,12,8.999135276644294
23,13,0.002232807797573801
23,14,1.0191436100187148
23,15,0.4503523614684224
23,16,2.4898568787675024
23,17,0.41826735613262617
23,18,3.061862352009497e-05
23,19,0.0013201424780879582
23,20,0.02779869592900472
23,21,34.22706875422238
23,22,9.195283677509247
23,23,16.57722537047245
23,24,18.362238271177365
23,25,1.247907976379196
23,26,0.017878138090101713
23,27,0.02247268237625764
23,28,112.5742782468366
23,29,9.11570883311422e-05
23,30,0.010992918241452257
24,1,0.5932559675103479
24,2,0.19012523008712387
24,3,26.826756069044094
24,4,0.01875801960298633
24,5,0.0041725470815542655
24,6,6.338116563610205
24,7,2.1090153158386924
24,8,0.9227280990566578
24,9,2.577002866528763
24,10,0.008840022959759223
24,11,7.455528620996396
24,12,2.566375068092728
24,13,0.3332564589953914
24,14,0.21164854292695157
24,15,2.0406439117502697
24,16,0.024817063492186545
24,17,0.004314768884706372
24,18,0.003787582710720431
24,19,0.2266163444418413
24,20,1.7790070739432318
24,21,62.06344928464429
24,22,0.20915617604265593
24,23,0.1674682130394666
24,24,1.1028267875316493
24,25,19.465707572663824
24,26,1.246553989554074
24,27,1.7013055015986398
24,28,3.838218593734515
24,29,0.011781439417897317
24,30,1.8745061381631796
25,1,5.1938574975619245
25,2,7.445221095150519e-06
25,3,0.1517085291505699
25,4,3.2922409258704386e-07
25,5,1.5917781338013844e-07
25,6,0.016408259598608445
25,7,0.009929599364406723
25,8,0.08709944903279823
25,9,3.0625078139803996
25,10,35.426267078215446
25,11,0.012236331871431836
25,12,0.0001161979206715945
25,13,7.62884497868451
25,14,1.5075217380506005e-05
25,15,0.0013537646204444303
25,16,4.4110071690309885e-07
25,17,7.832777139040053e-08
25,18,2.3334832312415483
25,19,27.56573350747392
25,20,0.23004724231429527
25,21,0.001821529472638716
25,22,4.83405916743005e-06
25,23,2.9360163121378836e-06
25,24,3.169819152916664e-05
25,25,0.016908594878930257
25,26,0.3248670962178466
25,27,0.2581796251936939
25,28,6.909386224372656e-05
25,29,7.621685680774029
25,30,3.958344846082039
26,1,0.0012456902328199957
26,2,45.54060189194766
26,3,0.006409220563534346
26,4,0.33494938895037707
26,5,4.002526871520932
26,6,0.5062123873832435
26,7,0.24904008798840763
26,8,0.03203220299880506
26,9,0.0016737917391434975
26,10,5.532560377132492e-06
26,11,0.7390659757930923
26,12,23.98726576199185
26,13,0.0006667059757059584
26,14,51.09047066763292
26,15,4.201752716446876
26,16,0.692624935854538
26,17,0.24542645293667756
26,18,7.801236441353168e-07
26,19,0.0002037906766380528
26,20,0.0002645911124266036
26,21,2.4424214500764094
26,22,15.758627708935576
26,23,1.1131357688976982
26,24,34.52808773475415
26,25,0.005563275882179692
26,26,0.00018453164582929883
26,27,0.02012097380645119
26,28,3.7491049317964134
26,29,2.544736341986624e-06
26,30,0.0012979761257320805
27,1,0.019076349045823733
27,2,0.2732200043079903
27,3,1.3087007929154781
27,4,0.15300308199874418
27,5,0.009033151596906562
27,6,0.37102848897485113
27,7,0.12026406155203974
27,8,0.03565700590851399
27,9,0.0936004767984015
27,10,0.00039508863807556996
27,11,0.4852603183303825
27,12,1.8787531318295738
27,13,0.010836619951217428
27,14,0.15239603805251056
27,15,0.26185112171838326
27,16,0.18112642347155963
27,17,0.029506905662046605
27,18,0.0003439856122680781
27,19,0.008384742215930906
27,20,0.3437738349723993
27,21,33.357435360869964
27,22,0.666663246390923
27,23,1.3710536647332765
27,24,1.958599759681268
27,25,14.87214255895089
27,26,0.21982713928692785
27,27,0.05847026124564516
27,28,18.47480004474681
27,29,0.001003748600861169
27,30,0.06784023501337295
28,1,60.28518770455386
28,2,0.0005445015231823596
28,3,6.98097902571036
28,4,2.0323725442845808e-05
28,5,1.1640466056660861e-05
28,6,1.0069618411306591
28,7,0.5483768404878914
28,8,2.9151667389050053
28,9,109.6555898673245
28,10,2.9243934294946428
28,11,0.7804121952379276
28,12,0.00848886658547846
28,13,50.48457654978826
28,14,0.0010903398080976024
28,15,0.0855195056103291
28,16,2.8080229084876322e-05
28,17,5.1238231709299735e-06
28,18,0.25013272611681503
28,19,61.048777847583196
28,20,1.4770065991468266
28,21,0.12315279543548571
28,22,0.00034109019602472244
28,23,0.00017756044644586926
28,24,0.002280686806345175
28,25,0.3481015114127819
28,26,1.6614927032333229
28,27,9.370597556781213
28,28,0.004326108229541622
28,29,0.8731749456909752
28,30,124.30850698401775
29,1,0.0006792218751537332
29,2,50.50346614867415
29,3,0.008481851175289034
29,4,2.3665626798840256
29,5,3.2465177223071424
29,6,0.1867284774804504
29,7,0.07796418549644654
29,8,0.010216132025223538
29,9,0.001361505901281482
29,10,4.0070260672421495e-06
29,11,0.27875412027652186
29,12,24.159439954896335
29,13,0.0003603583681535752
29,14,15.14978274051116
29,15,0.999054705572037
29,16,4.384697399093017
29,17,1.2116805619850493
29,18,1.000304658980688e-06
29,19,0.00013724974572383255
29,20,0.0005556439072411346
29,21,4.594079882572842
29,22,56.947482626973105
29,23,9.204216472574608
29,24,79.90550607983
29,25,0.017352233079559628
29,26,0.00037174537913311475
29,27,0.008077404624357009
29,28,21.89851501221304
29,29,3.1510727643574412e-06
29,30,0.001022705335707834
30,1,2.390060631639402e-06
30,2,0.058727523818339115
30,3,0.00012416398852043277
30,4,11.541347712420883
30,5,0.05332613132220877
30,6,0.00021264025185184596
30,7,7.64947968640142e-05
30,8,1.231003414970276e-05
30,9,9.549063481915869e-06
30,10,3.639241807081361e-08
30,11,0.00031141345210993415
30,12,0.022810473957321605
30,13,1.3085323483731041e-06
30,14,0.007807071722183904
30,15,0.0006192966178972378
30,16,10.765081388137697
30,17,4.243587238525769
30,18,4.0085304796735035e-08
30,19,8.35476130629166e-07
30,20,4.9149777332188845e-05
30,21,0.026196102543423798
30,22,0.7516940323177269
30,23,10.48947575520071
30,24,0.18348599540065894
30,25,0.0029637493736578693
30,26,3.082840274371829e-05
30,27,1.3827548919724e-05
30,28,0.7617059046813183
30,29,1.1216856967152096e-07
30,30,6.927396488619358e-06
31,1,0.003783920306032043
31,2,36.02546288585366
31,3,0.04146189803205505
31,4,0.7945139547545181
31,5,1.0808304896204617
31,6,0.9928496059038836
31,7,0.40417987107844744
31,8,0.05418256975662398
31,9,0.007350554905812193
31,10,2.179087060513897e-05
31,11,1.4778189812041378
31,12,71.85092839659819
31,13,0.002007577548804921
31,14,24.286924219815354
31,15,4.381077035714048
31,16,1.3892827460542243
31,17,0.33836522575504085
31,18,4.817792486490033e-06
31,19,0.0007547263393484103
31,20,0.0022454988807183215
31,21,18.64172585557721
31,22,25.976432850642
31,23,4.232017097922513
31,24,83.37583397475245
31,25,0.05675467412353944
31,26,0.0015296763713257356
31,27,0.04435403086152576
31,28,28.374043707156265
31,29,1.5339917833276223e-05
31,30,0.005542825748482092
32,1,4.875084152364851e-05
32,2,0.7547959743689565
32,3,0.0022337494592987455
32,4,27.93186303073053
32,5,0.236687264460804
32,6,0.004544141225646528
32,7,0.0016252515878272943
32,8,0.00026449362377909205
32,9,0.0001827595548568047
32,10,6.444613749608911e-07
32,11,0.006642222387679418
32,12,0.43770207984581755
32,13,2.6542571908933918e-05
32,14,0.11779835299624335
32,15,0.01229634281612487
32,16,27.094663180553567
32,17,6.401206591376904
32,18,5.422636231529059e-07
32,19,1.5949616513830397e-05
32,20,0.0006146064480799866
32,21,0.5553017328434043
32,22,7.87881662078463
32,23,58.41506008895268
32,24,2.9690645069139108
32,25,0.03545973202491017
32,26,0.0003873541276910651
32,27,0.0002963731379975152
32,28,13.965064067592856
32,29,1.558397154349548e-06
32,30,0.0001328005890018624
33,1,0.07416662684929334
33,2,8.338296930236156e-07
33,3,0.031197658798573818
33,4,1.1905895949170655e-07
33,5,1.7618701456699024e-08
33,6,0.0005847060590958829
33,7,0.00028971361513168206
33,8,0.0014668889122055977
33,9,0.14642953785122215
33,10,1.6994425429444369
33,11,0.0004797205841761703
33,12,1.2500228359756407e-05
33,13,0.09319980749097333
33,14,1.2015715005335094e-06
33,15,5.4140969824925995e-05
33,16,1.4276805578454713e-07
33,17,2.3463125376895244e-08
33,18,24.729425069162712
33,19,0.5206009234630071
33,20,0.6063256480358402
33,21,0.00031621860987295807
33,22,8.706651697712205e-07
33,23,1.0750875230197611e-06
33,24,4.567755195674681e-06
33,25,0.02378909654294927
33,26,0.958904315810819
33,27,0.00482190414238544
33,28,1.9633114823899473e-05
33,29,32.10921070649078
33,30,0.16328485952250893
34,1,19.357423436853
34,2,9.431029933402425e-05
34,3,0.05589183318730066
34,4,1.000455178792452e-06
34,5,2.899864285144436e-06
34,6,0.425685804104223
34,7,0.39634632523976404
34,8,6.72625572376331
34,9,1.3787744615988216
34,10,0.6412109119928763
34,11,0.2860546346237334
34,12,0.001113705619463026
34,13,22.519710235275184
34,14,0.00028711244807651644
34,15,0.04962438711254264
34,16,1.5837151802091741e-06
34,17,3.455910226149246e-07
34,18,0.005017238775652337
34,19,6.170055242660985
34,20,0.00557261414605002
34,21,0.005432556689872321
34,22,3.270945681176176e-05
34,23,7.507488854886325e-06
34,24,0.0002437687146937206
34,25,0.0018858309454079217
34,26,0.006317749287468855
34,27,8.932787459844489
34,28,0.00017601383239197583
34,29,0.01801074433798942
34,30,1.718483012000301
35,1,7.817104901616462
35,2,0.010267413046061562
35,3,0.3040066656618098
35,4,7.530154030877266e-05
35,5,0.0003566755329013719
35,6,30.205616629566915
35,7,33.25966635118109
35,8,120.30370313785062
35,9,1.6808925446383927
35,10,0.03331185773910655
35,11,21.77046047246969
35,12,0.10194751037253134
35,13,5.084442307886676
35,14,0.03351698952016552
35,15,5.829609112613579
35,16,0.00012697105472498076
35,17,3.05162488984544e-05
35,18,0.0007402295125663179
35,19,0.9438386437184056
35,20,0.009505215014702643
35,21,0.25582056270829967
35,22,0.0030466292158789327
35,23,0.0005017979439343683
35,24,0.02231058675086835
35,25,0.01246233341826975
35,26,0.008950921997075726
35,27,75.58753358977583
35,28,0.010179719592832903
35,29,0.0026363377261870977
35,30,1.6632770928015839
36,1,23.384729686781647
36,2,2.4289770008724335e-05
36,3,0.06582517755253395
36,4,3.93922421112383e-07
36,5,6.361944576800951e-07
36,6,0.10533733449536392
36,7,0.08460312897707349
36,8,1.3078688320008334
36,9,2.210627661078179
36,10,5.8803010817182395
36,11,0.07220792541080408
36,12,0.0003291986069441466
36,13,35.241239447817016
36,14,6.606566662060783e-05
36,15,0.009989532889006067
36,16,5.894104420844537e-07
36,17,1.1869044411146665e-07
36,18,0.03933006240247467
36,19,23.79608809352146
36,20,0.015039234243346107
36,21,0.002503861040648682
36,22,1.0185128653984276e-05
36,23,3.1956845495765088e-06
36,24,7.490396561006097e-05
36,25,0.0027669620629464154
36,26,0.01855947189767689
36,27,2.585973526085054
36,28,7.883620465937558e-05
36,29,0.14008716937317295
36,30,2.9633679396625907
37,1,6.564575262914187
37,2,9.585743769522483e-05
37,3,3.1944130374525215
37,4,7.467718504167219e-06
37,5,1.9906850777508924e-06
37,6,0.0897183880825474
37,7,0.044261574532918874
37,8,0.19576581402625337
37,9,17.93876930825877
37,10,5.315326850915023
37,11,0.07337152411092031
37,12,0.0014884471378180503
37,13,6.651999453973188
37,14,0.0001563207003379537
37,15,0.008228802384380023
37,16,9.562115650312007e-06
37,17,1.6326137249104087e-06
37,18,2.8761831481362776
37,19,21.459509051736408
37,20,7.205271801772415
37,21,0.03172168428135915
37,22,8.103099456538888e-05
37,23,6.76558709113878e-05
37,24,0.000477225291335606
37,25,0.5916993197001471
37,26,9.48926512358073
37,27,0.6486506022664262
37,28,0.0014713543855022911
37,29,9.020445996619248
37,30,18.986562320465882
38,1,6.955093767866985e-05
38,2,0.4065490370759723
38,3,0.0038387982772979026
38,4,14.054813108996022
38,5,0.09582896450652703
38,6,0.004684472110407842
38,7,0.001627443368567572
38,8,0.00028992158093285976
38,9,0.0002906488281960536
38,10,1.1289664999539112e-06
38,11,0.006756682585358582
38,12,0.3342856558073739
38,13,3.833671491683873e-05
38,14,0.07121978278199188
38,15,0.010257378993511609
38,16,13.325387946644932
38,17,2.7226339259079415
38,18,1.17442857379074e-06
38,19,2.549986111857999e-05
38,20,0.0014018814410877148
38,21,0.6644448265704694
38,22,3.9857764492995496
38,23,42.33094358024503
38,24,1.887289378308084
38,25,0.08341882773243982
38,26,0.00088060639476436
38,27,0.00035414334930013424
38,28,13.838223643370494
38,29,3.320057962447145e-06
38,30,0.0002107482753083872
39,1,21.271959462016053
39,2,1.766176837115404e-05
39,3,0.1150424407604401
39,4,4.042889909057757e-07
39,5,4.2024884045363225e-07
39,6,0.06501416720241357
39,7,0.046861237454344125
39,8,0.6056910599428432
39,9,3.781846584907564
39,10,22.680622054463015
39,11,0.045727213848951724
39,12,0.0002575990930596099
39,13,32.38242813025109
39,14,4.3507413330797244e-05
39,15,0.005627631101970926
39,16,5.808906595601732e-07
39,17,1.11117928783772e-07
39,18,0.21552702518164116
39,19,43.72270808600632
39,20,0.04844124021538292
39,21,0.002613700556821679
39,22,8.627553271293711e-06
39,23,3.4258269189361547e-06
39,24,6.16690908658949e-05
39,25,0.006275625390776599
39,26,0.06279335399849036
39,27,1.456395254818683
39,28,8.494484517606298e-05
39,29,0.7618650738756804
39,30,5.126318676568721
40,1,1.4688628309884517
40,2,0.11211818162754925
40,3,37.200021836504504
40,4,0.006576324805964808
40,5,0.002343774189407915
40,6,12.507965197851842
40,7,4.3554596730517705
40,8,2.319475907289026
40,9,5.5099324348441305
40,10,0.01728739745297658
40,11,13.800502116271506
40,12,1.6856618819318399
40,13,0.8154751730535289
40,14,0.15659155334298414
40,15,2.8922907210134987
40,16,0.00903550222590493
40,17,0.0016266422017448086
40,18,0.005008049830591236
40,19,0.4941443745753559
40,20,1.3921614711335573
40,21,32.992960638113175
40,22,0.09564782943245621
40,23,0.05738217668651295
40,24,0.5746051446380489
40,25,7.983246184792241
40,26,1.036776771962466
40,27,4.419910647686043
40,28,1.392609627869091
40,29,0.01602984014464692
40,30,4.04633989606575
41,1,0.6050614758861632
41,2,2.938553154761594e-05
41,3,1.0415247758667041
41,4,4.394847285475063e-06
41,5,6.291408840553491e-07
41,6,0.01331568086715107
41,7,0.006019650098089891
41,8,0.0203775781812164
41,9,2.356871231669802
41,10,1.1699881888157249
41,11,0.011487434778514282
41,12,0.00043064742105656167
41,13,0.6052510287263867
41,14,3.9529938966090976e-05
41,15,0.001377942791337283
41,16,5.30433171904562e-06
41,17,8.737904387844201e-07
41,18,4.469710522127776
41,19,2.4239348456201784
41,20,15.437618881614965
41,21,0.011440681683645409
41,22,3.2288585349739836e-05
41,23,3.9766784972047587e-05
41,24,0.00016548032809588062
41,25,0.7607590123039548
41,26,22.14443967939358
41,27,0.06768713094961853
41,28,0.0007351800991952666
41,29,11.878373081974821
41,30,2.3434523351897356
42,1,9.876269088990068
42,2,1.279473931929412e-05
42,3,0.2222814440225647
42,4,5.041987370021393e-07
42,5,2.766645861491601e-07
42,6,0.030805159486553223
42,7,0.019028032675537362
42,8,0.17429621044719606
42,9,5.03840123595039
42,10,38.804014118046275
42,11,0.022782991617139415
42,12,0.0001985838187328797
42,13,14.36837709188104
42,14,2.6729235348588035e-05
42,15,0.0025395882514000815
42,16,6.839850270730811e-07
42,17,1.2288745645263007e-07
42,18,1.689837175743015
42,19,42.72123207761088
42,20,0.24646126018607478
42,21,0.002916472157222813
42,22,7.92578402833335e-06
42,23,4.465570333681093e-06
42,24,5.287703041782199e-05
42,25,0.0207187045947089
42,26,0.33990542942040597
42,27,0.5087598543417788
42,28,0.00010669926551182579
42,29,5.728130569315685
42,30,6.5707352324471575
43,1,0.0007833637513314857
43,2,0.12548173475616498
43,3,0.060160895795289396
43,4,0.6511533647352342
43,5,0.00924433655194294
43,6,0.01908531763850158
43,7,0.006251034441395896
43,8,0.0015719862384912216
43,9,0.0040832590879039945
43,10,2.051335153394763e-05
43,11,0.025952058802492177
43,12,0.34806056033523874
43,13,0.0004488204916573708
43,14,0.03843347161034824
43,15,0.020568805002814487
43,16,0.664578117484007
43,17,0.11053073651802765
43,18,2.9108894219659064e-05
43,19,0.0003771380091119348
43,20,0.035987677925726894
43,21,2.7620429833932834
43,22,0.6723357978272013
43,23,4.604585965618344
43,24,0.8513739190083047
43,25,2.1383889531897555
43,26,0.022570957930356354
43,27,0.0024343383887207547
43,28,12.731793495579911
43,29,8.076452731216854e-05
43,30,0.002962876129567659
44,1,1.8993598286345378e-05
44,2,5.511466624046692
44,3,8.557039178568728e-05
44,4,0.16457615912401574
44,5,24.407831247257516
44,6,0.008474207259263062
44,7,0.004633080994172569
44,8,0.0006331430537592626
44,9,2.263687874462099e-05
44,10,7.837421159808433e-08
44,11,0.012124491509937252
44,12,0.4859031653197767
44,13,1.0255675757649935e-05
44,14,2.04153483571631
44,15,0.09094989423034165
44,16,0.4117630769716899
44,17,0.30932794899407623
44,18,1.0301251595887893e-08
44,19,2.911892056383722e-06
44,20,3.887992499112688e-06
44,21,0.03828791464336011
44,22,3.3243476325014445
44,23,0.21654130943385436
44,24,1.983056444563296
44,25,0.00010037579606757273
44,26,2.6701084305472086e-06
44,27,0.0003448460077633305
44,28,0.15597819682693617
44,29,3.35672803254893e-08
44,30,1.7669797253085018e-05
45,1,0.00032791681664125574
45,2,2.348499987530778
45,3,0.01330324070673073
45,4,10.845486827319577
45,5,0.2682648465166736
45,6,0.030972958465868353
45,7,0.01097427624632712
45,8,0.0018247881441333812
45,9,0.001163271508076264
45,10,3.879511118553982e-06
45,11,0.045107682102048234
45,12,2.443535636708383
45,13,0.00017782793651598236
45,14,0.4827271362825216
45,15,0.0752699211027109
45,16,12.553936587626334
45,17,2.215301026946736
45,18,2.592060700232982e-06
45,19,0.0001017567198485912
45,20,0.0026233001501137243
45,21,3.754521802104714
45,22,15.920807233174061
45,23,57.85108601307901
45,24,11.843667614864211
45,25,0.13683038615513707
45,26,0.001668613490555241
45,27,0.0020581023241891074
45,28,59.69902968470064
45,29,7.615955978603119e-06
45,30,0.0008469878819659794
46,1,0.18985188851416443
46,2,3.2713575125847596
46,3,1.0369726105676438
46,4,0.046332948135380726
46,5,0.07264590060090306
46,6,36.71490168877479
46,7,15.178121629724297
46,8,2.452882653008519
46,9,0.3066630045994171
46,10,0.0009710100453045957
46,11,49.77452384442173
46,12,39.582484068139856
46,13,0.10082936293932569
46,14,6.333673188417444
46,15,52.22440787371455
46,16,0.07543708228486062
46,17,0.016669281928551986
46,18,0.0001389088910696556
46,19,0.03502106736385589
46,20,0.032181062456727125
46,21,65.79252337816787
46,22,1.5223158279350195
46,23,0.31868156067217174
46,24,10.739639767285393
46,25,0.34644560838611127
46,26,0.023608203379158796
46,27,2.2165445110363975
46,28,6.05309621242202
46,29,0.0004572151085394473
46,30,0.2363182213171768
47,1,6.644853272423548
47,2,7.040950112957723e-05
47,3,2.3057041693196245
47,4,5.263140506169957e-06
47,5,1.4619119923366323e-06
47,6,0.07260493315479505
47,7,0.03658223860664723
47,8,0.17592855165236268
47,9,15.648201329085659
47,10,7.484611487576308
47,11,0.058735643385160415
47,12,0.001096610445638991
47,13,7.05437923657343
47,14,0.0001171253663450985
47,15,0.006531539639658535
47,16,6.755463623121658e-06
47,17,1.1556835233184038e-06
47,18,3.7156915681695635
47,19,24.34529882193355
47,20,5.485832497193562
47,21,0.02284618159469353
47,22,5.8262065782009755e-05
47,23,4.766027079663886e-05
47,24,0.0003463521828431026
47,25,0.41832039298919077
47,26,7.3983142447639
47,27,0.5812795196322548
47,28,0.0010421189389957144
47,29,11.581441851710405
47,30,17.04798008307918
48,1,19.70555438515869
48,2,2.8943553305237755e-05
48,3,0.4371106768749751
48,4,1.058490532194378e-06
48,5,6.289619132688569e-07
48,6,0.07057870772532591
48,7,0.04327954969242067
48,8,0.37790150756569385
48,9,10.615033839823848
48,10,22.742237434700016
48,11,0.0522776329678659
48,12,0.0004478512869760341
48,13,26.565221895604722
48,14,6.111113074678778e-05
48,15,0.005820326912452844
48,16,1.450863735273089e-06
48,17,2.632096655278087e-07
48,18,0.83368139181327
48,19,68.28740920289194
48,20,0.3132560996179349
48,21,0.006311212366316339
48,22,1.7489179844114313e-05
48,23,9.311437763156665e-06
48,24,0.00011782416570989036
48,25,0.033128932205175765
48,26,0.41330484980939364
48,27,1.123003849307171
48,28,0.0002249521934646991
48,29,2.936527991547501
48,30,13.787567204264919
49,1,1.1328012278601974e-06
49,2,0.6209670509077609
49,3,1.798042290277901e-05
49,4,4.043480520568188
49,5,7.254616894476569
49,6,0.0003397711620185537
49,7,0.00015043452961168788
49,8,1.921463639077868e-05
49,9,2.4034886959415734e-06
49,10,7.025204330036593e-09
49,11,0.0005062068951722896
49,12,0.053586204350867396
49,13,6.010008229747762e-07
49,14,0.07681697254092956
49,15,0.0023892498692226535
49,16,8.699083816139032
49,17,12.575414118671558
49,18,2.3648963701208537e-09
49,19,2.3427061817125988e-07
49,20,1.882221584933534e-06
49,21,0.009960014204895765
49,22,3.411424120871076
49,23,1.8640435764873968
49,24,0.5344813294304256
49,25,8.616882196308603e-05
49,26,1.216699276301467e-06
49,27,1.403268303452368e-05
49,28,0.18695841986100648
49,29,7.239271611044955e-09
49,30,1.7925555407039937e-06
50,1,0.12297705241697933
50,2,0.039321646370407304
50,3,10.724795169839688
50,4,0.012055734247649039
50,5,0.0010234700319801074
50,6,0.5532880604103072
50,7,0.18327513908307214
50,8,0.09539058345875823
50,9,0.7432805435824127
50,10,0.004136616803583935
50,11,0.6458263027397141
50,12,0.4159992730376374
50,13,0.07376959077175645
50,14,0.03194057532835413
50,15,0.18267016429163183
50,16,0.01442599691638175
50,17,0.0023611507690272622
50,18,0.004169488240679633
50,19,0.07292192131675963
50,20,3.8297172650387616
50,21,12.53065565145234
50,22,0.0676018516551819
50,23,0.10887361176969496
50,24,0.2638863840445685
50,25,74.7612186729086
50,26,2.4954094712916475
50,27,0.20077987253713545
50,28,1.8149610770196378
50,29,0.012173045314929248
50,30,0.542680177437022
51,1,0.048203699183859805
51,2,0.9845099294315038
51,3,0.037428379637389375
51,4,0.0039272689794569915
51,5,0.050087454311762064
51,6,15.224059206895639
51,7,11.649781423461018
51,8,2.177799538697722
51,9,0.031022137004984844
51,10,0.0001726155078359916
51,11,18.121744945042156
51,12,4.279397066622583
51,13,0.027058353724074415
51,14,3.5490424344092686
51,15,54.32704920529932
51,16,0.007485807411408518
51,17,0.002255402967561099
51,18,9.548696049455014e-06
51,19,0.006205338094482021
51,20,0.0008929762906812412
51,21,1.5558607119842347
51,22,0.21477536732547922
51,23,0.019018378884914675
51,24,1.2801058594560166
51,25,0.0060569909353016625
51,26,0.0006999214970505522
51,27,1.0250040037543897
51,28,0.21068902979639706
51,29,3.28023565040493e-05
51,30,0.026057666252027104
52,1,0.0007022504602098916
52,2,58.49523351677975
52,3,0.004059763811189142
52,4,0.5914901457910644
52,5,8.224994084936593
52,6,0.2820088988128057
52,7,0.13785505225762604
52,8,0.01769944173877017
52,9,0.0009821818481560657
52,10,3.1828806003180346e-06
52,11,0.4129843343774316
52,12,18.396380144435533
52,13,0.00037539588888955684
52,14,41.934513248700455
52,15,2.3897692583571772
52,16,1.2591562523533202
52,17,0.484566955457946
52,18,4.835424904278911e-07
52,19,0.00011675588681997919
52,20,0.00018180414055703824
52,21,1.7482839219633926
52,22,24.18023669308373
52,23,1.7014021471429934
52,24,38.179416615059374
52,25,0.004249653627814431
52,26,0.00012554261203861578
52,27,0.011175166604884705
52,28,3.9968209792411087
52,29,1.5689332105714227e-06
52,30,0.0007584376753662531
53,1,2.1357016276153638e-05
53,2,4.789011193326674
53,3,8.443834252076039e-05
53,4,0.10562226086112642
53,5,18.433729335497908
53,6,0.009650509888117331
53,7,0.005405549544952143
53,8,0.0007529671570771345
53,9,2.4020818913538073e-05
53,10,8.591098965479482e-08
53,11,0.013711318599473232
53,12,0.46456068567782266
53,13,1.1572794198019219e-05
53,14,2.100868819672404
53,15,0.10657541298804153
53,16,0.2629951907514126
53,17,0.19123402678831752
53,18,1.03830650614462e-08
53,19,3.1982153404388565e-06
53,20,3.6113302250807073e-06
53,21,0.03541637666290389
53,22,2.4366078357204453
53,23,0.14761417434731236
53,24,1.6737731418083441
53,25,8.760244550761704e-05
53,26,2.4967795412819067e-06
53,27,0.00039877625941139405
53,28,0.1230819172229773
53,29,3.4002464912499235e-08
53,30,1.884953280088809e-05
54,1,0.011196730453978763
54,2,9.61342446869688
54,3,0.023214532056325964
54,4,0.03717549183370276
54,5,0.5201763061528719
54,6,4.8466312610777615
54,7,2.813390305850922
54,8,0.39307678536197244
54,9,0.01051714712115596
54,10,4.3022441754509846e-05
54,11,6.652225760470955
54,12,20.642524309927765
54,13,0.006104049543300534
54,14,28.34518527609377
54,15,35.5329084317541
54,16,0.07349396958328111
54,17,0.023717220041103288
54,18,3.696927289460106e-06
54,19,0.0015993220491655523
54,20,0.000669366441198253
54,21,3.391165949709897
54,22,2.0957032807604032
54,23,0.15664745873716399
54,24,9.9632966510806
54,25,0.008010032967139561
54,26,0.0004941980394896951
54,27,0.2136978538411607
54,28,1.169795028322231
54,29,1.2416987183144931e-05
54,30,0.008457727128048431
55,1,5.198604880857974
55,2,3.857994986251432e-06
55,3,0.04414651169617971
55,4,1.141212219153292e-07
55,5,8.766441701434002e-08
55,6,0.012406049232409103
55,7,0.00851257108645541
55,8,0.10221344228534143
55,9,1.280340778891545
55,10,42.63578746604202
55,11,0.008860333867868291
55,12,5.8177811742298164e-05
55,13,8.801295303936811
55,14,8.913960290153772e-06
55,15,0.00104523930763152
55,16,1.589632433871606e-07
55,17,2.9375519862011143e-08
55,18,0.5756102322289557
55,19,22.340882802455237
55,20,0.0394476387972115
55,21,0.0007094814183500054
55,22,2.0926254337508044e-06
55,23,9.934298490215058e-07
55,24,1.4541326422423215e-05
55,25,0.0034450585194004406
55,26,0.05461757916038191
55,27,0.2612044286601345
55,28,2.429277749860555e-05
55,29,1.9591697774061052
55,30,1.739400716960865
56,1,0.0071894009803400915
56,2,10.047112075760854
56,3,0.014060427807876554
56,4,0.03616986036098102
56,5,0.6889181961757518
56,6,3.16580032382265
56,7,1.8856078389100743
56,8,0.26910392257459925
56,9,0.006491039006291704
56,10,2.723651335362799e-05
56,11,4.333671298284329
56,12,15.965222607868595
56,13,0.0039342961081794085
56,14,28.943721312668462
56,15,26.928239566108047
56,16,0.07327719259249872
56,17,0.025147830220466245
56,18,2.255975811849738e-06
56,19,0.001010556542711017
56,20,0.0004067794130503247
56,21,2.1998342250563625
56,22,2.075118291715209
56,23,0.1407674264485368
56,24,8.863848193308407
56,25,0.005003604534181241
56,26,0.00029993427761100457
56,27,0.14079286040358255
56,28,0.9028021730371505
56,29,7.585729178843044e-06
56,30,0.005235548854001568
57,1,0.0550028431790374
57,2,0.013948050592829673
57,3,5.068762248939974
57,4,0.007112017552168844
57,5,0.0004002530407547357
57,6,0.1580489453024429
57,7,0.052628524809129565
57,8,0.030442893411192697
57,9,0.36897887317815337
57,10,0.0029407632856503123
57,11,0.18247345300926474
57,12,0.13253018755543985
57,13,0.03434459958223885
57,14,0.010136622191026231
57,15,0.0506106403412047
57,16,0.008126837335779317
57,17,0.0013133930152031956
57,18,0.004658482894309838
57,19,0.04090230622010252
57,20,5.30102412290546
57,21,3.9833463145629646
57,22,0.02854576991117922
57,23,0.06262935451282386
57,24,0.09703396308415728
57,25,115.85532402922456
57,26,3.3766435651510136
57,27,0.06808430592500492
57,28,0.8350209970929235
57,29,0.013088725931264178
57,30,0.27266725433785705
58,1,1.6922910433127192
58,2,0.0006341748493171332
58,3,18.489564667678295
58,4,9.019996385649707e-05
58,5,1.3705302170499e-05
58,6,0.1749770883087051
58,7,0.07174153661969705
58,8,0.14680204561186222
58,9,11.219295648326893
58,10,0.3373346697170491
58,11,0.160811889779502
58,12,0.009116122884030844
58,13,1.3111217707272633
58,14,0.0008084022970061996
58,15,0.021451179670930843
58,16,0.0001107366389448427
58,17,1.8383722691882168e-05
58,18,0.43397527128990604
58,19,2.8284176571983997
58,20,55.69992764343319
58,21,0.24978574602988368
58,22,0.0007105493111359906
58,23,0.0008188810077612494
58,24,0.0036251932111407577
58,25,9.674158209550157
58,26,55.7903686434815
58,27,0.4588659893494261
58,28,0.015843115226409545
58,29,1.2976239582194198
58,30,9.442462366620509
59,1,0.0023883456048023888
59,2,0.10286536992560563
59,3,0.19574486643653996
59,4,0.2731485530189783
59,5,0.005571283025171502
59,6,0.04071758099719443
59,7,0.013214828717300798
59,8,0.0038122610338769203
59,9,0.01310979611713644
59,10,7.04949282758518e-05
59,11,0.05394070801811567
59,12,0.4108385708944609
59,13,0.0013860252145421973
59,14,0.038948848757605056
59,15,0.03418996255732829
59,16,0.28822939240777246
59,17,0.047001501289813764
59,18,0.00010247670083109853
59,19,0.0012370416175491237
59,20,0.1260039324596063
59,21,4.966879548615045
59,22,0.4302581431147915
59,23,2.134054205499372
59,24,0.7351890513241102
59,25,7.232138945038154
59,26,0.07906567512938906
59,27,0.006348924012647908
59,28,10.695227203925372
59,29,0.0002848055249454024
59,30,0.00952661150801414
60,1,0.3301440755826412
60,2,6.145515767964836e-07
60,3,0.01777628548959868
60,4,3.86809725322944e-08
60,5,1.285883476818712e-08
60,6,0.0010731366132028866
60,7,0.0006250180027414736
60,8,0.005152789604428637
60,9,0.24877725583152055
60,10,16.826230059259856
60,11,0.0008144692370901123
60,12,9.647955676744883e-06
60,13,0.5020567321033769
60,14,1.1423628069157542e-06
60,15,8.92022897998954e-05
60,16,4.984447572212271e-08
60,17,8.56725502715655e-09
60,18,6.102811027015217
60,19,2.6610044888330164
60,20,0.0779458647565803
60,21,0.00017896681750048587
60,22,4.570794748114939e-07
60,23,3.500844937837009e-07
60,24,2.8325135151761934e-06
60,25,0.0038261708476234847
60,26,0.11893455137481657
60,27,0.015513847757037924
60,28,7.728259880861158e-06
60,29,14.348046768714019
60,30,0.31333651590829975
61,1,0.7163741592001593
61,2,1.0349620547228423e-06
61,3,0.025818466866101116
61,4,5.467617063206194e-08
61,5,2.1879016254332947e-08
61,6,0.0020988539632590822
61,7,0.001261476037969311
61,8,0.011228090598042835
61,9,0.4393811698395903
61,10,25.89169789510063
61,11,0.0015719566619454106
61,12,1.622297778905193e-05
61,13,1.1169414551628274
61,14,2.020990709455139e-06
61,15,0.00017332684639311875
61,16,7.170469530197058e-08
61,17,1.2501036540264617e-08
61,18,3.7159621558236586
61,19,5.414296711371622
61,20,0.0767230463976733
61,21,0.00027705074160710086
61,22,7.16850810574272e-07
61,23,4.92263529323467e-07
61,24,4.576721195879592e-06
61,25,0.004242280258470887
61,26,0.11457358960880379
61,27,0.03302306174216828
61,28,1.121796566495038e-05
61,29,10.315545524444763
61,30,0.5647484138922125
62,1,0.0006518678666000186
62,2,2.730880706299559
62,3,0.026434229153925938
62,4,6.796333028117109
62,5,0.2284603953119017
62,6,0.05774693280840859
62,7,0.02026244116737053
62,8,0.0034635544968676492
62,9,0.0023230385333867097
62,10,7.727294534881909e-06
62,11,0.08372193130712373
62,12,3.836605365190567
62,13,0.00035379612187507955
62,14,0.6484735713878416
62,15,0.12841323929605777
62,16,8.131052978673754
62,17,1.3948529691026474
62,18,4.985635395462762e-06
62,19,0.00020321345474170837
62,20,0.004898512535832386
62,21,7.165723041467626
62,22,15.164590504591427
62,23,43.96606242795738
62,24,15.117205875014731
62,25,0.24678739132759941
62,26,0.0031245231597037287
62,27,0.003988902326298371
62,28,81.45851350099556
62,29,1.470971634576804e-05
62,30,0.0016914590246203702
63,1,0.5396360482966025
63,2,0.2901748012539953
63,3,0.4566526370679302
63,4,0.002243796539827253
63,5,0.008453764372479099
63,6,78.04203330053214
63,7,58.6324410911707
63,8,13.687044772179576
63,9,0.4213659629105581
63,10,0.002041443997348443
63,11,84.69489350334415
63,12,3.0077642607524715
63,13,0.29515824319654077
63,14,0.8625951888854035
63,15,57.86454527558065
63,16,0.003824341136597649
63,17,0.0009237848539156553
63,18,0.00013131327891448852
63,19,0.07534356321487899
63,20,0.010535418030879746
63,21,4.770596452061681
63,22,0.09191896976576279
63,23,0.014374575893923866
63,24,0.6715834403105198
63,25,0.04825815483803441
63,26,0.008501925117345144
63,27,9.25310190171178
63,28,0.26360003824905115
63,29,0.00045026991698662817
63,30,0.35070756856094515
64,1,0.0037237719726917326
64,2,5.974403911697292
64,3,0.1224290002824355
64,4,2.527299059578972
64,5,0.254020306828602
64,6,0.35881089112453984
64,7,0.125499823172708
64,8,0.021597427874104003
64,9,0.01210825273025059
64,10,3.791303321955016e-05
64,11,0.5188479671364097
64,12,16.748539296461555
64,13,0.002008662903930957
64,14,2.1550289791241095
64,15,0.7268488688744069
64,16,3.383945050341663
64,17,0.5956425741842765
64,18,1.8562368245277742e-05
64,19,0.0010710253303198027
64,20,0.015087202327763715
64,21,36.24320160355932
64,22,17.21921217217372
64,23,19.771503796837525
64,24,35.53916151876715
64,25,0.6148589001323131
64,26,0.00979551147372629
64,27,0.024560627346427232
64,28,131.53000637331107
64,29,5.6091281935108284e-05
64,30,0.008852526929110864
65,1,0.0017059668438931708
65,2,2.8689180684204723
65,3,0.07080312643381703
65,4,3.5693182728768935
65,5,0.16783937804921958
65,6,0.1321230842315631
65,7,0.0456076282879455
65,8,0.00822719797458546
65,9,0.006198873651211113
65,10,2.070657488244447e-05
65,11,0.1897920930278399
65,12,6.271262454937043
65,13,0.000928134910750266
65,14,0.8492497999961791
65,15,0.2507228203703418
65,16,4.381447858033387
65,17,0.7378597112747909
65,18,1.3000698201754785e-05
65,19,0.0005418875817157596
65,20,0.012323953061355848
65,21,16.796911364070517
65,22,12.12498690210327
65,23,27.411521979145487
65,24,17.71982141093759
65,25,0.5904024621903522
65,26,0.00788983320313474
65,27,0.009862039898487458
65,28,106.33894237361275
65,29,3.852052944851588e-05
65,30,0.0045118102423268875
66,1,3.5693067637999124e-06
66,2,1.8117747494678307
66,3,5.704317595861366e-05
66,4,8.494222753647756
66,5,12.00736435482095
66,6,0.0010446116562448718
66,7,0.0004577024414892325
66,8,5.8605899007122976e-05
66,9,7.63894243466255e-06
66,10,2.2327346597403212e-08
66,11,0.001557523851075577
66,12,0.16693012713937724
66,13,1.8936982926614983e-06
66,14,0.22207793011293342
66,15,0.007092233186373442
66,16,17.360140991124567
66,17,19.76432357774872
66,18,7.45127218764805e-09
66,19,7.43164894836137e-07
66,20,5.8177729308406254e-06
66,21,0.031651374344257764
66,22,9.682493698383196
66,23,4.815083465201912
66,24,1.6537611918407533
66,25,0.000260822137462473
66,26,3.7677627821892158e-06
66,27,4.348849649600343e-05
66,28,0.5761494139444345
66,29,2.284543433700418e-08
66,30,5.6958197982428975e-06
67,1,0.46191041007236955
67,2,0.0045135127587576694
67,3,28.194611052526014
67,4,0.0011080423863717027
67,5,0.0001071848895729379
67,6,0.30310305496971357
67,7,0.10917758155787814
67,8,0.1125807244038946
67,9,3.3674124178078424
67,10,0.039709145085799154
67,11,0.3130957384052726
67,12,0.05628974867922894
67,13,0.31069628501183955
67,14,0.004497228804303525
67,15,0.05655553674590556
67,16,0.001318194643632047
67,17,0.0002154976305380196
67,18,0.05857192859133954
67,19,0.46498862381673806
67,20,43.990833603861816
67,21,1.764958224111112
67,22,0.00657963608133805
67,23,0.009985254469010834
67,24,0.02861895025938564
67,25,88.92042565936636
67,26,30.93275394158961
67,27,0.30168676969807656
67,28,0.1695132861331213
67,29,0.16860531397852427
67,30,2.568566595796952
68,1,0.626730183458155
68,2,0.25689831905068017
68,3,0.6104741640389971
68,4,0.002232597507114673
68,5,0.007068842256258276
68,6,78.21271539048233
68,7,54.95423850102916
68,8,13.451991461747125
68,9,0.532530043634645
68,10,0.0024354659205833413
68,11,85.88302048198585
68,12,2.8741599128691373
68,13,0.34063614666836717
68,14,0.7295973325933424
68,15,47.960615623452725
68,16,0.0037481819191282017
68,17,0.0008817761741159009
68,18,0.00016823091242625774
68,19,0.09031822863432502
68,20,0.014119873933055438
68,21,5.544920591443707
68,22,0.08665947898811155
68,23,0.014748976156012929
68,24,0.6387280817056358
68,25,0.06389458690612587
68,26,0.011379226060549343
68,27,9.958618074894806
68,28,0.28342504365144483
68,29,0.0005754449208738023
68,30,0.439995871137131
69,1,1.1087019774705894e-06
69,2,0.04341756711022346
69,3,5.323247223454051e-05
69,4,9.890208807995116
69,5,0.05571900270601553
69,6,0.00011425958275856745
69,7,4.180050494182566e-05
69,8,6.464107978044386e-06
69,9,4.222351198168443e-06
69,10,1.5436934823148312e-08
69,11,0.0001682156418167464
69,12,0.013767144505019995
69,13,6.037876455069736e-07
69,14,0.005475252208361597
69,15,0.00037002924058073363
69,16,9.656279495553887
69,17,4.808308321022765
69,18,1.566100757124812e-08
69,19,3.686086943162634e-07
69,20,1.8980026549701678e-05
69,21,0.012896927486228059
69,22,0.5624422661376915
69,23,6.7072102031903045
69,24,0.11966414282348449
69,25,0.0011407165821110865
69,26,1.1910667334720355e-05
69,27,6.956624436151309e-06
69,28,0.3939427624403955
69,29,4.4088476695928315e-08
69,30,3.0659056214638184e-06
70,1,0.0015146448405892311
70,2,7.796123644763079
70,3,0.002756512028806008
70,4,0.02758088513915919
70,5,1.2271152222607562
70,6,0.6743213977061994
70,7,0.42084962239064866
70,8,0.06359633013800597
70,9,0.0012794813916997096
70,10,5.609432585356893e-06
70,11,0.9168762973258948
70,12,5.359545577947541
70,13,0.0008353779731639097
70,14,17.912923785756455
70,15,7.3189525241843905
70,16,0.059617778306744425
70,17,0.02457062219083848
70,18,4.3918435736419105e-07
70,19,0.00020706099824292573
70,20,8.186885865579757e-05
70,21,0.5242185461861198
70,22,1.533085353282747
70,23,0.0847997271212356
70,24,4.5828481422491105
70,25,0.0011129262567591705
70,26,5.994961919524743e-05
70,27,0.030958853655175256
70,28,0.3476811107359667
70,29,1.4781673375371399e-06
70,30,0.0010363783683055084
71,1,14.213357088527163
71,2,1.1560822358791023e-05
71,3,0.04735543623589699
71,4,2.126083508837372e-07
71,5,2.933123560943406e-07
71,6,0.04829725885694979
71,7,0.03772436460962808
71,8,0.5676868381484252
71,9,1.6322426616347354
71,10,14.032028193048163
71,11,0.03331567721051088
71,12,0.00016102153865326638
71,13,22.994947477499235
71,14,3.054240499769996e-05
71,15,0.004451698994349894
71,16,3.1276798707654136e-07
71,17,6.164170625471224e-08
71,18,0.08451452083307648
71,19,23.78331151379246
71,20,0.01625455543513639
71,21,0.001374244604721705
71,22,5.105038922427785e-06
71,23,1.759588594882538e-06
71,24,3.722369803144622e-05
71,25,0.0023077142386364095
71,26,0.020902927259153874
71,27,1.1806540449757268
71,28,4.364195798178381e-05
71,29,0.2972640603514912
71,30,2.222882974292016
72,1,0.0002850210234813665
72,2,0.9951171046227414
72,3,0.013762349629076232
72,4,6.3264536708764165
72,5,0.11025554052018167
72,6,0.020708522573066466
72,7,0.007175495242016764
72,8,0.0012830854568157844
72,9,0.0011117531184508642
72,10,3.971438965790434e-06
72,11,0.029825875394745918
72,12,1.2686364467193847
72,13,0.00015600699504950895
72,14,0.21736188156467962
72,15,0.04265442810719044
72,16,6.89052137126941
72,17,1.1757769047892441
72,18,3.1837533737549224e-06
72,19,9.704726192496671e-05
72,20,0.003453770863500546
72,21,2.867980807782618
72,22,6.903526660901541
72,23,37.00950379909499
72,24,5.494651551794621
72,25,0.19056661496378977
72,26,0.002184925515450531
72,27,0.0015503648908412678
72,28,41.532213112412165
72,29,9.226199907585685e-06
72,30,0.0008073105631865426
73,1,1.1604917353502468e-05
73,2,0.08177070869739897
73,3,0.0007053710430515018
73,4,7.6506499058986375
73,5,0.03259939470616382
73,6,0.0007182350094720111
73,7,0.0002493396535007899
73,8,4.4719269529479915e-05
73,9,5.1234202751605284e-05
73,10,2.1541636406643533e-07
73,11,0.0010354492789403258
73,12,0.0539591450758379
73,13,6.43943579005386e-06
73,14,0.012909109967129665
73,15,0.001602114648330236
73,16,6.864689834891441
73,17,1.7328619173685966
73,18,2.766375340773638e-07
73,19,4.535762766079104e-06
73,20,0.0003443312834125517
73,21,0.10363616232021677
73,22,0.9300024578276312
73,23,15.068744872798918
73,24,0.34012629796516386
73,25,0.020786338571156904
73,26,0.00021588987355642986
73,27,5.547271938423202e-05
73,28,2.395770898306431
73,29,7.661080181528609e-07
73,30,3.71288987698516e-05
74,1,0.488886895220958
74,2,0.38434187262830954
74,3,0.5006878515614046
74,4,0.0030502225788659886
74,5,0.010930722408292912
74,6,78.2633578226267
74,7,54.945559011426774
74,8,11.821042450711298
74,9,0.4114626759451885
74,10,0.0018826250712801892
74,11,87.37071569823327
74,12,4.0407308550814145
74,13,0.26608485589841047
74,14,1.120344259149479
74,15,64.1465665505652
74,16,0.0051900443734044285
74,17,0.0012484309815478853
74,18,0.0001303218469888541
74,19,0.06977650175998076
74,20,0.011655504518093393
74,21,6.2855534327403895
74,22,0.12393254464188083
74,23,0.01957734198972734
74,24,0.9060784954207648
74,25,0.05799542084943988
74,26,0.009316097328726161
74,27,8.195317966538473
74,28,0.35820581192344647
74,29,0.0004453648533971731
74,30,0.3394726404513942
75,1,1.3061476007522839
75,2,8.264442162187737e-07
75,3,0.00611582672336566
75,4,1.88485313278299e-08
75,5,2.0037642659634073e-08
75,6,0.003212600673234235
75,7,0.0024195865375033075
75,8,0.03517266266411925
75,9,0.1986110683441801
75,10,15.920544051296481
75,11,0.0022372984249905657
75,12,1.1946165293284823e-05
75,13,2.387083018034726
75,14,2.083368981714052e-06
75,15,0.00028649031725246283
75,16,2.6938875045717786e-08
75,17,5.130321727036919e-09
75,18,0.09699139701243738
75,19,4.657032846761498
75,20,0.004493395228598185
75,21,0.0001214129522741928
75,22,3.973968175901725e-07
75,23,1.607089575564122e-07
75,24,2.8451650041696785e-06
75,25,0.0004142652294298155
75,26,0.006210188554386229
75,27,0.07714282494126667
75,28,3.977916993011556e-06
75,29,0.3244515473359613
75,30,0.27333625716154
76,1,0.0013663622956513
76,2,70.21519526288618
76,3,0.009237230642268912
76,4,0.7995621939715168
76,5,5.572382951799774
76,6,0.5075807756026598
76,7,0.23647764620699627
76,8,0.030175626194935325
76,9,0.002074324861070904
76,10,6.52730313338764e-06
76,11,0.7488712566123169
76,12,34.871117914115906
76,13,0.0007280663388280908
76,14,52.76365871391594
76,15,3.7362680315062082
76,16,1.6167921950443873
76,17,0.540597762992936
76,18,1.0874836666697837e-06
76,19,0.00023696507959863888
76,20,0.00043028555669834
76,21,4.062895534253056
76,22,32.07065957447784
76,23,2.7416416189081474
76,24,59.592105845577315
76,25,0.010204417702838945
76,26,0.0002962477484012169
76,27,0.02031176782943258
76,28,8.43693893533831
76,29,3.5128951478238032e-06
76,30,0.0015919732674058197
77,1,59.41752115478493
77,2,0.0069811876854604625
77,3,2.981184954283174
77,4,9.801122048553037e-05
77,5,0.0001783875310603872
77,6,26.233239255000598
77,7,19.054848578378355
77,8,100.4671113567821
77,9,21.975381715467673
77,10,0.267670199460814
77,11,18.813467774331762
77,12,0.09380568709456538
77,13,36.42726373652955
77,14,0.01857931481555615
77,15,2.4767445581205076
77,16,0.0001517372942199503
77,17,3.180160205052929e-05
77,18,0.009251291260880484
77,19,9.056564043442592
77,20,0.1197758197591136
77,21,0.5587891063626071
77,22,0.00284884003190167
77,23,0.0007549163350718709
77,24,0.021094045389756934
77,25,0.10305039271525968
77,26,0.11640794524110971
77,27,183.41767266678144
77,28,0.017973027555178295
77,29,0.03271837415523772
77,30,21.587314265333315
78,1,0.5246581961598676
78,2,9.138270983624446e-05
78,3,2.5985008932593607
78,4,1.8206671141220904e-05
78,5,2.0266657664683213e-06
78,6,0.02437546316834329
78,7,0.010295005775922916
78,8,0.026076673066582245
78,9,2.7346181006600903
78,10,0.5005263604514242
78,11,0.022000755279003158
78,12,0.0012735918462113153
78,13,0.47360738333079844
78,14,0.00011012997521286856
78,15,0.0028580169089207357
78,16,2.1543732171710068e-05
78,17,3.5184360562015367e-06
78,18,2.089179375672005
78,19,1.5658264650630673
78,20,47.86339977868074
78,21,0.03670717763917995
78,22,0.00011408145623008777
78,23,0.00016364227630270473
78,24,0.0005428576948306236
78,25,3.5444075914794233
78,26,59.01592577858765
78,27,0.08480593752408398
78,28,0.0028043261852883114
78,29,5.524257285873067
78,30,2.519483935743896
79,1,0.0005847706422498434
79,2,6.878557686307264
79,3,0.017756898331571954
79,4,8.062443499791387
79,5,0.5647128246863407
79,6,0.07505923897878158
79,7,0.02736688921763003
79,8,0.004233141289196381
79,9,0.0017949251535813182
79,10,5.5452578551750235e-06
79,11,0.11042468117936062
79,12,7.117146585104291
79,13,0.00031390932206237137
79,14,1.5350577628694873
79,15,0.21495528982525006
79,16,10.819757969290093
79,17,2.0260378864904456
79,18,2.747452010352434e-06
79,19,0.00015984396396939233
79,20,0.0023775330529854266
79,21,6.954291311459918
79,22,32.28006095547687
79,23,45.152519829107234
79,24,31.21655159919738
79,25,0.10755114530999062
79,26,0.0015324727620616182
79,27,0.0043909798284610954
79,28,79.32585283217296
79,29,8.262223475386367e-06
79,30,0.001314673365515141
80,1,0.8026423983196742
80,2,0.0002439885608892727
80,3,6.587665332226112
80,4,4.523964928507481e-05
80,5,5.3977049687509746e-06
80,6,0.058535263643475395
80,7,0.024117891698944474
80,8,0.05306138070712063
80,9,4.853199931047053
80,10,0.36358975008875294
80,11,0.053719708700583554
80,12,0.003401881460180091
80,13,0.6709026507700668
80,14,0.0002934338808491079
80,15,0.007193448650082755
80,16,5.4084373922101445e-05
80,17,8.867055507852419e-06
80,18,0.9304595435094284
80,19,1.831154686917089
80,20,74.41961427957625
80,21,0.09790767351472807
80,22,0.00030013675498169836
80,23,0.00040825891070556114
80,24,0.0014445186306287986
80,25,7.498537240567581
80,26,83.8986375269386
80,27,0.16902277570755492
80,28,0.0072358451943347075
80,29,2.6188603916563933
80,30,4.2647158307424435
